id,first_name,last_name,gender,age,email,tShirtSize,state,zipcode,uuid
1,Lance,Shoreman,M,61,lshoreman0@timesonline.co.uk,S,FL,33954,5d88b02efc13ae0370000000
2,Bernard,Slowgrave,M,58,bslowgrave1@ucla.edu,2XL,OH,43240,5d88b02efc13ae0370000001
3,Mathilde,Caslake,F,31,mcaslake2@redcross.org,XS,AK,99599,5d88b02efc13ae0370000002
4,Eustacia,Leall,F,59,eleall3@meetup.com,XL,CT,06105,5d88b02efc13ae0370000003
5,Ianthe,Heakey,F,44,iheakey4@vimeo.com,XS,WV,25313,5d88b02efc13ae0370000004
6,Marie-jeanne,Krale,F,26,mkrale5@economist.com,3XL,TN,37605,5d88b02efc13ae0370000005
7,Nadia,Handrahan,F,61,nhandrahan6@google.com.br,M,DE,19805,5d88b02efc13ae0370000006
8,Brion,Krugmann,M,58,bkrugmann7@delicious.com,XS,MO,64193,5d88b02efc13ae0370000007
9,Janaya,Patey,F,65,jpatey8@wisc.edu,2XL,FL,32255,5d88b02efc13ae0370000008
10,Rudolph,De Bell,M,62,rdebell9@bravesites.com,XL,WI,53225,5d88b02efc13ae0370000009
11,Sebastien,Blakesley,M,92,sblakesleya@qq.com,XL,FL,34282,5d88b02efc13ae037000000a
12,Renard,Scurrah,M,76,rscurrahb@springer.com,M,OH,43699,5d88b02efc13ae037000000b
13,Norris,Cappineer,M,90,ncappineerc@dedecms.com,2XL,ID,83727,5d88b02efc13ae037000000c
14,Anstice,Basant,F,96,abasantd@dailymail.co.uk,XL,TX,77266,5d88b02efc13ae037000000d
15,Granthem,Ashelford,M,51,gashelforde@newsvine.com,XS,OH,45414,5d88b02efc13ae037000000e
16,Micheline,Buglass,F,16,mbuglassf@163.com,XS,NY,13205,5d88b02efc13ae037000000f
17,Fergus,Bartosiak,M,56,fbartosiakg@geocities.jp,3XL,MA,02305,5d88b02efc13ae0370000010
18,Fidelio,Rieger,M,56,friegerh@bloglines.com,M,WA,98127,5d88b02efc13ae0370000011
19,Ursa,Bragg,F,17,ubraggi@zimbio.com,XL,AZ,85015,5d88b02efc13ae0370000012
20,Kerstin,Bellson,F,23,kbellsonj@multiply.com,2XL,FL,33731,5d88b02efc13ae0370000013
21,Waring,Valdes,M,51,wvaldesk@theguardian.com,3XL,CA,94089,5d88b02efc13ae0370000014
22,Consuela,D'Antonio,F,59,cdantoniol@last.fm,3XL,FL,33805,5d88b02efc13ae0370000015
23,Waldo,McCrann,M,73,wmccrannm@google.com.br,2XL,CA,95813,5d88b02efc13ae0370000016
24,Gaylord,Ruprechter,M,32,gruprechtern@elegantthemes.com,L,WI,54305,5d88b02efc13ae0370000017
25,Corrianne,Breadon,F,91,cbreadono@artisteer.com,XL,WA,98158,5d88b02efc13ae0370000018
26,Law,Zealey,M,51,lzealeyp@rakuten.co.jp,2XL,NC,28247,5d88b02efc13ae0370000019
27,Jacquette,Croan,F,29,jcroanq@fotki.com,XS,CA,92030,5d88b02efc13ae037000001a
28,Myrta,Kytley,F,50,mkytleyr@nasa.gov,3XL,KY,40546,5d88b02efc13ae037000001b
29,Clarine,Cotesford,F,93,ccotesfords@amazon.co.uk,M,FL,33906,5d88b02efc13ae037000001c
30,Cassey,Samter,F,74,csamtert@1688.com,XS,GA,30089,5d88b02efc13ae037000001d
31,Noelle,Borsay,F,43,nborsayu@uol.com.br,2XL,DC,20319,5d88b02efc13ae037000001e
32,Crosby,Couldwell,M,81,ccouldwellv@goo.gl,XS,CA,91131,5d88b02efc13ae037000001f
33,Prissie,Blogg,F,27,pbloggw@google.co.jp,XL,PA,16505,5d88b02efc13ae0370000020
34,Gwenny,Matussevich,F,52,gmatussevichx@youtu.be,S,CA,93762,5d88b02efc13ae0370000021
35,Siouxie,Ormston,F,24,sormstony@diigo.com,3XL,DC,20535,5d88b02efc13ae0370000022
36,Nikolaos,Hiddersley,M,77,nhiddersleyz@imdb.com,3XL,TX,77095,5d88b02efc13ae0370000023
37,Pen,Tenman,M,92,ptenman10@networksolutions.com,S,MN,55412,5d88b02efc13ae0370000024
38,Shanan,Sisnett,M,70,ssisnett11@cam.ac.uk,S,SC,29319,5d88b02efc13ae0370000025
39,Jordana,Skirling,F,28,jskirling12@spotify.com,XL,AR,72118,5d88b02efc13ae0370000026
40,Otis,Frondt,M,88,ofrondt13@cargocollective.com,2XL,FL,32835,5d88b02efc13ae0370000027
41,Gordy,Colbran,M,60,gcolbran14@xinhuanet.com,XS,LA,70815,5d88b02efc13ae0370000028
42,Harrietta,Pusill,F,53,hpusill15@ning.com,XL,MD,20719,5d88b02efc13ae0370000029
43,Gregoor,Manterfield,M,83,gmanterfield16@abc.net.au,L,TN,37240,5d88b02efc13ae037000002a
44,Dun,Hainsworth,M,60,dhainsworth17@ihg.com,L,CA,94616,5d88b02efc13ae037000002b
45,Marvin,Matveyev,M,96,mmatveyev18@ehow.com,L,CO,80920,5d88b02efc13ae037000002c
46,Lacey,Job,F,89,ljob19@dropbox.com,2XL,GA,31210,5d88b02efc13ae037000002d
47,Abbie,Sukbhans,F,60,asukbhans1a@google.co.uk,3XL,NC,27499,5d88b02efc13ae037000002e
48,Ester,Sinney,F,20,esinney1b@newyorker.com,M,OH,45271,5d88b02efc13ae037000002f
49,Elna,Mewe,F,73,emewe1c@sciencedirect.com,3XL,IN,46202,5d88b02efc13ae0370000030
50,Tawsha,Lindhe,F,47,tlindhe1d@123-reg.co.uk,XL,CO,80328,5d88b02efc13ae0370000031
51,Raye,Sloegrave,F,92,rsloegrave1e@dyndns.org,3XL,DC,20525,5d88b02efc13ae0370000032
52,Theobald,McDoual,M,76,tmcdoual1f@google.es,3XL,TN,37939,5d88b02efc13ae0370000033
53,Benedicta,Bunt,F,86,bbunt1g@e-recht24.de,S,FL,32255,5d88b02efc13ae0370000034
54,Antonietta,Churchill,F,65,achurchill1h@ifeng.com,L,NV,89036,5d88b02efc13ae0370000035
55,Rochelle,Shales,F,51,rshales1i@ucsd.edu,XS,FL,33190,5d88b02efc13ae0370000036
56,Durante,Mc Andrew,M,19,dmcandrew1j@alexa.com,XS,NY,12232,5d88b02efc13ae0370000037
57,Taddeusz,Seale,M,66,tseale1k@amazonaws.com,S,CA,90015,5d88b02efc13ae0370000038
58,Loralee,Ianniello,F,21,lianniello1l@amazon.com,M,FL,33158,5d88b02efc13ae0370000039
59,Valencia,Danels,F,19,vdanels1m@meetup.com,XL,TN,37215,5d88b02efc13ae037000003a
60,Henrie,Golagley,F,58,hgolagley1n@timesonline.co.uk,2XL,CA,93773,5d88b02efc13ae037000003b
61,Marleen,Aburrow,F,39,maburrow1o@jiathis.com,2XL,CA,92862,5d88b02efc13ae037000003c
62,Brand,Bratty,M,87,bbratty1p@hhs.gov,L,FL,33283,5d88b02efc13ae037000003d
63,Harrison,Sicha,M,61,hsicha1q@nydailynews.com,L,CA,94913,5d88b02efc13ae037000003e
64,Nevil,Newiss,M,52,nnewiss1r@npr.org,S,WA,98175,5d88b02efc13ae037000003f
65,Obadias,Mussen,M,88,omussen1s@fotki.com,S,NE,68164,5d88b02efc13ae0370000040
66,Nada,Viste,F,81,nviste1t@discovery.com,XL,TX,78721,5d88b02efc13ae0370000041
67,Malissa,Batten,F,23,mbatten1u@weibo.com,3XL,CO,80951,5d88b02efc13ae0370000042
68,Mabelle,Fallen,F,76,mfallen1v@bbc.co.uk,3XL,DC,20022,5d88b02efc13ae0370000043
69,Ermanno,Bould,M,44,ebould1w@noaa.gov,M,GA,30301,5d88b02efc13ae0370000044
70,Donetta,Keggins,F,70,dkeggins1x@businessinsider.com,M,TX,78737,5d88b02efc13ae0370000045
71,Brianna,Sterman,F,16,bsterman1y@apple.com,XS,PA,17622,5d88b02efc13ae0370000046
72,Jorey,Vasenin,F,92,jvasenin1z@opera.com,3XL,NJ,07208,5d88b02efc13ae0370000047
73,Katti,McNeish,F,44,kmcneish20@techcrunch.com,XL,FL,32854,5d88b02efc13ae0370000048
74,Bernadine,Stannislawski,F,84,bstannislawski21@gravatar.com,2XL,CA,94280,5d88b02efc13ae0370000049
75,Heidi,Penrith,F,77,hpenrith22@privacy.gov.au,M,TN,37665,5d88b02efc13ae037000004a
76,Burton,Lewinton,M,73,blewinton23@imgur.com,S,AK,99812,5d88b02efc13ae037000004b
77,Paddy,Ruddy,M,75,pruddy24@dmoz.org,L,CA,95123,5d88b02efc13ae037000004c
78,Elton,Reuble,M,93,ereuble25@nhs.uk,3XL,WA,98516,5d88b02efc13ae037000004d
79,Sonni,Scobie,F,25,sscobie26@storify.com,3XL,NJ,08619,5d88b02efc13ae037000004e
80,Anne-corinne,Breach,F,70,abreach27@cam.ac.uk,3XL,IN,47737,5d88b02efc13ae037000004f
81,Oneida,O'Dreain,F,77,oodreain28@altervista.org,M,DC,20557,5d88b02efc13ae0370000050
82,Yvonne,Killen,F,82,ykillen29@newsvine.com,M,PA,15906,5d88b02efc13ae0370000051
83,Lyndy,Sprules,F,83,lsprules2a@cnet.com,M,UT,84170,5d88b02efc13ae0370000052
84,Lindsey,Rossi,M,78,lrossi2b@netvibes.com,2XL,IN,46266,5d88b02efc13ae0370000053
85,Gwenore,Fairbanks,F,17,gfairbanks2c@ask.com,2XL,TX,78260,5d88b02efc13ae0370000054
86,Jozef,Yakutin,M,55,jyakutin2d@booking.com,M,WI,53234,5d88b02efc13ae0370000055
87,Vincents,Tuley,M,53,vtuley2e@abc.net.au,M,ID,83722,5d88b02efc13ae0370000056
88,Viole,Corsor,F,40,vcorsor2f@wp.com,XL,CA,94116,5d88b02efc13ae0370000057
89,Shawn,Richmond,M,43,srichmond2g@studiopress.com,XL,FL,33705,5d88b02efc13ae0370000058
90,Randie,Wadly,M,84,rwadly2h@mac.com,2XL,KY,40524,5d88b02efc13ae0370000059
91,Pail,MacDermott,M,63,pmacdermott2i@netvibes.com,S,AL,35225,5d88b02efc13ae037000005a
92,Shae,Clayton,M,81,sclayton2j@cornell.edu,2XL,DC,20299,5d88b02efc13ae037000005b
93,Nilson,Paddell,M,62,npaddell2k@de.vu,S,CO,80905,5d88b02efc13ae037000005c
94,Vinny,Cotterrill,M,64,vcotterrill2l@skyrock.com,M,DC,20456,5d88b02efc13ae037000005d
95,Tildy,Hemstead,F,93,themstead2m@alibaba.com,M,TN,38161,5d88b02efc13ae037000005e
96,Tuesday,Le Fleming,F,23,tlefleming2n@wiley.com,L,IN,46278,5d88b02efc13ae037000005f
97,Brit,Rainey,M,83,brainey2o@cmu.edu,3XL,FL,34745,5d88b02efc13ae0370000060
98,Mead,Osmond,F,85,mosmond2p@narod.ru,S,VA,22111,5d88b02efc13ae0370000061
99,Basilio,Fourman,M,44,bfourman2q@nifty.com,3XL,NY,14233,5d88b02efc13ae0370000062
100,Raymund,Calbrathe,M,44,rcalbrathe2r@hc360.com,XL,IN,47405,5d88b02efc13ae0370000063
101,Raine,Antill,F,17,rantill2s@telegraph.co.uk,2XL,NY,14210,5d88b02efc13ae0370000064
102,Ramona,Hensmans,F,18,rhensmans2t@gravatar.com,M,LA,70005,5d88b02efc13ae0370000065
103,Lindsy,Kopmann,F,90,lkopmann2u@engadget.com,XL,TX,75226,5d88b02efc13ae0370000066
104,Mela,Fairbank,F,86,mfairbank2v@bing.com,XL,CO,80243,5d88b02efc13ae0370000067
105,Roddie,Buckham,M,92,rbuckham2w@angelfire.com,XL,TX,78789,5d88b02efc13ae0370000068
106,Skippy,Wabersich,M,99,swabersich2x@google.ca,2XL,NM,87592,5d88b02efc13ae0370000069
107,Ibrahim,Abel,M,17,iabel2y@amazon.com,3XL,PA,15210,5d88b02efc13ae037000006a
108,Ketty,Kinner,F,61,kkinner2z@yandex.ru,M,CA,92196,5d88b02efc13ae037000006b
109,Hermia,Beretta,F,33,hberetta30@furl.net,S,TX,78475,5d88b02efc13ae037000006c
110,Orbadiah,Mosson,M,32,omosson31@dot.gov,S,CO,80241,5d88b02efc13ae037000006d
111,Garwood,Novotna,M,48,gnovotna32@free.fr,S,CA,92132,5d88b02efc13ae037000006e
112,Janeta,Scoyne,F,65,jscoyne33@cpanel.net,2XL,TN,37939,5d88b02efc13ae037000006f
113,Aubry,Kleehuhler,F,58,akleehuhler34@tamu.edu,M,AZ,86305,5d88b02efc13ae0370000070
114,Brant,Melato,M,40,bmelato35@va.gov,L,NE,68105,5d88b02efc13ae0370000071
115,Danny,Heiton,F,20,dheiton36@cnbc.com,XL,WA,98148,5d88b02efc13ae0370000072
116,Maynord,Braunfeld,M,46,mbraunfeld37@freewebs.com,3XL,CA,93762,5d88b02efc13ae0370000073
117,Tamarah,Hesser,F,34,thesser38@merriam-webster.com,S,AZ,85297,5d88b02efc13ae0370000074
118,Chlo,Strowan,F,98,cstrowan39@amazon.de,XS,LA,71130,5d88b02efc13ae0370000075
119,Hendrick,Windas,M,21,hwindas3a@flickr.com,S,SC,29579,5d88b02efc13ae0370000076
120,Cynthy,Braga,F,88,cbraga3b@t.co,XS,MI,48098,5d88b02efc13ae0370000077
121,Burl,Buffin,M,61,bbuffin3c@posterous.com,XL,NY,11247,5d88b02efc13ae0370000078
122,Bordy,Waddicor,M,69,bwaddicor3d@uol.com.br,XL,VA,24014,5d88b02efc13ae0370000079
123,Elsey,Reddie,F,56,ereddie3e@jiathis.com,S,NM,87195,5d88b02efc13ae037000007a
124,Max,Breedy,F,57,mbreedy3f@elpais.com,L,MA,02119,5d88b02efc13ae037000007b
125,Titos,Simko,M,68,tsimko3g@gov.uk,XS,PA,15205,5d88b02efc13ae037000007c
126,Beatriz,Sorensen,F,82,bsorensen3h@businesswire.com,L,NV,89155,5d88b02efc13ae037000007d
127,Yelena,Hinckley,F,74,yhinckley3i@youtube.com,M,FL,32511,5d88b02efc13ae037000007e
128,Jeanie,Fairley,F,34,jfairley3j@theglobeandmail.com,XS,OH,43605,5d88b02efc13ae037000007f
129,Kermy,Tellenbrook,M,27,ktellenbrook3k@netvibes.com,XL,HI,96840,5d88b02efc13ae0370000080
130,Sutherlan,McIan,M,15,smcian3l@vimeo.com,L,TX,77095,5d88b02efc13ae0370000081
131,Murielle,Radley,F,74,mradley3m@goo.ne.jp,XS,FL,32405,5d88b02efc13ae0370000082
132,Amalie,Damant,F,44,adamant3n@wordpress.com,XS,CA,94705,5d88b02efc13ae0370000083
133,Ekaterina,Sanderson,F,42,esanderson3o@discuz.net,2XL,TN,37228,5d88b02efc13ae0370000084
134,Angelina,Pavie,F,19,apavie3p@joomla.org,2XL,FL,33605,5d88b02efc13ae0370000085
135,Luci,Chesher,F,44,lchesher3q@globo.com,S,WA,98464,5d88b02efc13ae0370000086
136,Melitta,Selland,F,22,mselland3r@google.com,3XL,TX,77240,5d88b02efc13ae0370000087
137,Hall,McMorran,M,53,hmcmorran3s@xing.com,S,VA,23504,5d88b02efc13ae0370000088
138,Marty,Sarsfield,M,65,msarsfield3t@usatoday.com,S,MO,64153,5d88b02efc13ae0370000089
139,Leese,Mullan,F,71,lmullan3u@ask.com,2XL,IN,46852,5d88b02efc13ae037000008a
140,Jaine,Stevings,F,69,jstevings3v@redcross.org,L,NM,87140,5d88b02efc13ae037000008b
141,Brooks,Hallgath,M,76,bhallgath3w@nhs.uk,XL,WA,98166,5d88b02efc13ae037000008c
142,Amye,Curtois,F,24,acurtois3x@illinois.edu,XS,PA,19131,5d88b02efc13ae037000008d
143,Shirlee,Szymaniak,F,41,sszymaniak3y@huffingtonpost.com,L,VA,22156,5d88b02efc13ae037000008e
144,Benedikt,Westgate,M,20,bwestgate3z@lycos.com,XS,FL,33164,5d88b02efc13ae037000008f
145,Chevalier,Blackater,M,27,cblackater40@berkeley.edu,2XL,FL,33758,5d88b02efc13ae0370000090
146,Barnaby,Ballchin,M,80,bballchin41@globo.com,M,MD,21405,5d88b02efc13ae0370000091
147,Sherlock,Kidgell,M,40,skidgell42@salon.com,XS,SC,29615,5d88b02efc13ae0370000092
148,Elsbeth,Messam,F,61,emessam43@parallels.com,L,TN,38136,5d88b02efc13ae0370000093
149,Enriqueta,Strongitharm,F,80,estrongitharm44@admin.ch,XL,FL,32123,5d88b02efc13ae0370000094
150,Lesya,Podbury,F,53,lpodbury45@guardian.co.uk,S,AL,36610,5d88b02efc13ae0370000095
151,Payton,Hamel,M,54,phamel46@comsenz.com,M,LA,70505,5d88b02efc13ae0370000096
152,Kellie,Baterip,F,63,kbaterip47@rakuten.co.jp,XS,WI,53263,5d88b02efc13ae0370000097
153,Domenico,Hindmoor,M,16,dhindmoor48@usda.gov,S,FL,34981,5d88b02efc13ae0370000098
154,Chadd,Downage,M,39,cdownage49@booking.com,S,FL,32969,5d88b02efc13ae0370000099
155,Stavro,Gothliff,M,44,sgothliff4a@webnode.com,L,IN,47905,5d88b02efc13ae037000009a
156,Kirk,Burnapp,M,88,kburnapp4b@csmonitor.com,M,TX,88546,5d88b02efc13ae037000009b
157,Isidore,Hartness,M,37,ihartness4c@mtv.com,XS,AZ,85072,5d88b02efc13ae037000009c
158,Wenonah,Sergison,F,86,wsergison4d@g.co,M,MN,55905,5d88b02efc13ae037000009d
159,Shandie,Paolini,F,33,spaolini4e@wisc.edu,3XL,FL,33196,5d88b02efc13ae037000009e
160,Mandel,Paulitschke,M,52,mpaulitschke4f@booking.com,XS,DC,20231,5d88b02efc13ae037000009f
161,Shannan,Larcher,M,76,slarcher4g@abc.net.au,L,MN,56372,5d88b02efc13ae03700000a0
162,Jolene,Instone,F,34,jinstone4h@whitehouse.gov,M,PA,19120,5d88b02efc13ae03700000a1
163,Alfreda,Laxon,F,92,alaxon4i@pinterest.com,3XL,TX,78260,5d88b02efc13ae03700000a2
164,Lazaro,Sergeant,M,55,lsergeant4j@nps.gov,XL,GA,30380,5d88b02efc13ae03700000a3
165,Mattheus,Klulicek,M,80,mklulicek4k@fotki.com,3XL,TX,79171,5d88b02efc13ae03700000a4
166,Celestyn,Heinish,F,31,cheinish4l@salon.com,L,NC,27264,5d88b02efc13ae03700000a5
167,Mordy,Borland,M,33,mborland4m@nbcnews.com,L,IL,60630,5d88b02efc13ae03700000a6
168,Coretta,Hancock,F,33,chancock4n@hubpages.com,XL,AK,99522,5d88b02efc13ae03700000a7
169,Granville,Gooday,M,58,ggooday4o@state.gov,3XL,NY,12255,5d88b02efc13ae03700000a8
170,Sigfrid,Brown,M,86,sbrown4p@elpais.com,XL,MI,48555,5d88b02efc13ae03700000a9
171,Erl,Glaum,M,30,eglaum4q@marriott.com,XS,WA,98148,5d88b02efc13ae03700000aa
172,Abram,Zorzetti,M,67,azorzetti4r@vinaora.com,3XL,TN,37245,5d88b02efc13ae03700000ab
173,Phylys,Girault,F,55,pgirault4s@chron.com,M,CA,94273,5d88b02efc13ae03700000ac
174,Robyn,Michel,F,91,rmichel4t@gravatar.com,3XL,IA,50369,5d88b02efc13ae03700000ad
175,Verena,Culham,F,70,vculham4u@noaa.gov,S,NV,89519,5d88b02efc13ae03700000ae
176,Nerta,Giabucci,F,39,ngiabucci4v@hp.com,S,TN,37939,5d88b02efc13ae03700000af
177,Berenice,Woolam,F,52,bwoolam4w@ebay.com,2XL,FL,32526,5d88b02efc13ae03700000b0
178,Eli,Blitzer,M,18,eblitzer4x@china.com.cn,2XL,NC,27690,5d88b02efc13ae03700000b1
179,Garik,Click,M,42,gclick4y@topsy.com,XS,TX,78220,5d88b02efc13ae03700000b2
180,Corrie,Bonsall,F,35,cbonsall4z@nydailynews.com,S,TX,78732,5d88b02efc13ae03700000b3
181,Alena,Rangle,F,99,arangle50@prnewswire.com,XL,LA,70183,5d88b02efc13ae03700000b4
182,Jessee,Cushion,M,49,jcushion51@reference.com,3XL,FL,33142,5d88b02efc13ae03700000b5
183,Sophie,Meany,F,23,smeany52@soundcloud.com,XL,LA,70154,5d88b02efc13ae03700000b6
184,Sib,Kelshaw,F,93,skelshaw53@china.com.cn,XS,TN,37131,5d88b02efc13ae03700000b7
185,Verene,Coryndon,F,28,vcoryndon54@indiegogo.com,L,DC,20580,5d88b02efc13ae03700000b8
186,Free,Bentson,M,88,fbentson55@bluehost.com,L,NY,14614,5d88b02efc13ae03700000b9
187,Carolan,Pentycross,F,83,cpentycross56@myspace.com,L,DC,20557,5d88b02efc13ae03700000ba
188,Brenda,Northey,F,33,bnorthey57@canalblog.com,3XL,CA,90310,5d88b02efc13ae03700000bb
189,Ham,Matuszyk,M,56,hmatuszyk58@bandcamp.com,M,DC,20231,5d88b02efc13ae03700000bc
190,Saxon,Redd,M,57,sredd59@salon.com,2XL,PA,15210,5d88b02efc13ae03700000bd
191,Chet,Lagadu,M,48,clagadu5a@sun.com,XL,MO,64130,5d88b02efc13ae03700000be
192,Vaughan,Wackley,M,18,vwackley5b@nih.gov,XL,DC,20067,5d88b02efc13ae03700000bf
193,Corbie,Mazzia,M,61,cmazzia5c@chronoengine.com,XL,MD,21747,5d88b02efc13ae03700000c0
194,Laughton,Cockerton,M,25,lcockerton5d@wordpress.com,XL,CO,80223,5d88b02efc13ae03700000c1
195,Horst,Scannell,M,90,hscannell5e@lulu.com,M,UT,84170,5d88b02efc13ae03700000c2
196,Ansell,George,M,74,ageorge5f@businessinsider.com,S,IA,50305,5d88b02efc13ae03700000c3
197,Johnette,Prate,F,25,jprate5g@alibaba.com,M,VA,22093,5d88b02efc13ae03700000c4
198,Jessamine,Brittan,F,94,jbrittan5h@wix.com,L,IN,46614,5d88b02efc13ae03700000c5
199,Elyse,Bilyard,F,47,ebilyard5i@samsung.com,2XL,NY,10203,5d88b02efc13ae03700000c6
200,Worth,Giorgetti,M,63,wgiorgetti5j@mac.com,3XL,AK,99709,5d88b02efc13ae03700000c7
201,Laural,Turmall,F,29,lturmall5k@mapy.cz,M,IL,60208,5d88b02efc13ae03700000c8
202,Gerome,Scragg,M,46,gscragg5l@multiply.com,2XL,TX,76705,5d88b02efc13ae03700000c9
203,Janaya,Delacourt,F,74,jdelacourt5m@hostgator.com,L,NY,12262,5d88b02efc13ae03700000ca
204,Tamarra,Kiera,F,76,tkiera5n@dedecms.com,S,TX,77035,5d88b02efc13ae03700000cb
205,Lon,Blew,M,89,lblew5o@usa.gov,XS,DC,20062,5d88b02efc13ae03700000cc
206,Georgie,Duberry,M,88,gduberry5p@harvard.edu,S,CA,92410,5d88b02efc13ae03700000cd
207,Lindsy,Grewe,F,93,lgrewe5q@reuters.com,XL,TX,75260,5d88b02efc13ae03700000ce
208,Angelita,Drabble,F,68,adrabble5r@blog.com,XL,GA,30380,5d88b02efc13ae03700000cf
209,Nettle,Redfearn,F,34,nredfearn5s@unblog.fr,XL,FL,32230,5d88b02efc13ae03700000d0
210,Molli,Tanser,F,93,mtanser5t@ning.com,L,MI,48224,5d88b02efc13ae03700000d1
211,Shadow,Rohan,M,41,srohan5u@japanpost.jp,L,TX,75265,5d88b02efc13ae03700000d2
212,Annadiana,Lipprose,F,32,alipprose5v@unesco.org,XS,TX,75231,5d88b02efc13ae03700000d3
213,Netty,Nodes,F,27,nnodes5w@dot.gov,L,OH,44905,5d88b02efc13ae03700000d4
214,Dominick,Chrestien,M,37,dchrestien5x@zdnet.com,S,AZ,85045,5d88b02efc13ae03700000d5
215,Odetta,Downer,F,78,odowner5y@w3.org,3XL,TN,38126,5d88b02efc13ae03700000d6
216,Catrina,Tinton,F,77,ctinton5z@ovh.net,S,TX,78726,5d88b02efc13ae03700000d7
217,Archie,Girod,M,27,agirod60@spiegel.de,L,FL,32909,5d88b02efc13ae03700000d8
218,Cullen,McGurk,M,44,cmcgurk61@fc2.com,XL,MS,39505,5d88b02efc13ae03700000d9
219,Waverley,Lindholm,M,27,wlindholm62@usnews.com,2XL,NY,10079,5d88b02efc13ae03700000da
220,Zebadiah,Liversley,M,68,zliversley63@nih.gov,L,AL,36610,5d88b02efc13ae03700000db
221,Horatio,Tarrier,M,48,htarrier64@wikipedia.org,XL,NV,89115,5d88b02efc13ae03700000dc
222,Archer,Pouton,M,21,apouton65@google.nl,3XL,CA,92191,5d88b02efc13ae03700000dd
223,Shane,Delahunty,M,19,sdelahunty66@tmall.com,2XL,FL,33710,5d88b02efc13ae03700000de
224,Brunhilda,Blas,F,22,bblas67@icq.com,L,TN,37235,5d88b02efc13ae03700000df
225,Leslie,Matyasik,F,40,lmatyasik68@reddit.com,2XL,OH,43220,5d88b02efc13ae03700000e0
226,Iggy,Lunck,M,32,ilunck69@salon.com,XS,NJ,07208,5d88b02efc13ae03700000e1
227,Calla,O'Donovan,F,50,codonovan6a@soundcloud.com,S,CO,80920,5d88b02efc13ae03700000e2
228,Gilberto,Quigley,M,58,gquigley6b@cnet.com,S,DC,20566,5d88b02efc13ae03700000e3
229,Britney,Soldan,F,72,bsoldan6c@linkedin.com,M,AZ,85045,5d88b02efc13ae03700000e4
230,Eada,Don,F,49,edon6d@blogger.com,3XL,TN,37931,5d88b02efc13ae03700000e5
231,Manda,Golding,F,52,mgolding6e@earthlink.net,L,WV,25336,5d88b02efc13ae03700000e6
232,Forbes,Ghidetti,M,47,fghidetti6f@intel.com,XL,IL,61825,5d88b02efc13ae03700000e7
233,Garrek,MacEvilly,M,66,gmacevilly6g@usda.gov,XL,IL,60652,5d88b02efc13ae03700000e8
234,Mame,Westcott,F,85,mwestcott6h@archive.org,2XL,MS,39282,5d88b02efc13ae03700000e9
235,Claiborn,Vesco,M,86,cvesco6i@noaa.gov,M,TX,78296,5d88b02ffc13ae03700000ea
236,Rayna,Brimfield,F,73,rbrimfield6j@noaa.gov,XS,CA,92648,5d88b02ffc13ae03700000eb
237,Michele,Melross,M,98,mmelross6k@feedburner.com,M,CO,80638,5d88b02ffc13ae03700000ec
238,Orazio,Kalkhoven,M,65,okalkhoven6l@ebay.co.uk,M,NM,87201,5d88b02ffc13ae03700000ed
239,Zach,Cambridge,M,50,zcambridge6m@hud.gov,XL,NC,27110,5d88b02ffc13ae03700000ee
240,Morry,Aspy,M,78,maspy6n@wired.com,2XL,AZ,85260,5d88b02ffc13ae03700000ef
241,Hyacinthe,Roly,F,95,hroly6o@sbwire.com,L,IL,61709,5d88b02ffc13ae03700000f0
242,Helaine,Ramsdale,F,87,hramsdale6p@netvibes.com,XL,IN,46226,5d88b02ffc13ae03700000f1
243,Aldo,Astall,M,95,aastall6q@yellowbook.com,M,DC,20062,5d88b02ffc13ae03700000f2
244,Denney,Giovannetti,M,56,dgiovannetti6r@tinyurl.com,XL,IA,50330,5d88b02ffc13ae03700000f3
245,Lana,Jerrome,F,41,ljerrome6s@google.ru,XS,NY,13217,5d88b02ffc13ae03700000f4
246,Elicia,Conradsen,F,60,econradsen6t@goo.ne.jp,XL,DC,20380,5d88b02ffc13ae03700000f5
247,Meredith,Reddel,M,69,mreddel6u@mac.com,S,FL,33023,5d88b02ffc13ae03700000f6
248,Bertine,Calterone,F,34,bcalterone6v@surveymonkey.com,XL,OH,45203,5d88b02ffc13ae03700000f7
249,Valma,Hazael,F,60,vhazael6w@jiathis.com,S,MN,55417,5d88b02ffc13ae03700000f8
250,Brook,Coop,F,40,bcoop6x@google.de,M,AL,36109,5d88b02ffc13ae03700000f9
251,Si,Goch,M,99,sgoch6y@mapquest.com,2XL,WY,82007,5d88b02ffc13ae03700000fa
252,Fletcher,Crockett,M,51,fcrockett6z@opera.com,XL,CO,80940,5d88b02ffc13ae03700000fb
253,Bar,Haxby,M,96,bhaxby70@github.com,2XL,MI,48224,5d88b02ffc13ae03700000fc
254,Zsazsa,Diegan,F,53,zdiegan71@opensource.org,3XL,SC,29305,5d88b02ffc13ae03700000fd
255,Sella,Mapledoore,F,39,smapledoore72@zdnet.com,L,CA,90030,5d88b02ffc13ae03700000fe
256,Pascale,Bremeyer,M,56,pbremeyer73@cam.ac.uk,S,TN,38104,5d88b02ffc13ae03700000ff
257,Lib,Lydiate,F,89,llydiate74@nationalgeographic.com,XL,IL,62718,5d88b02ffc13ae0370000100
258,Valentine,Bowers,M,31,vbowers75@ustream.tv,L,DE,19897,5d88b02ffc13ae0370000101
259,Clarabelle,Thrustle,F,64,cthrustle76@intel.com,2XL,MO,63180,5d88b02ffc13ae0370000102
260,Correy,O'Shevlan,F,64,coshevlan77@nps.gov,M,WA,98481,5d88b02ffc13ae0370000103
261,Towny,Creane,M,87,tcreane78@zdnet.com,XL,SC,29505,5d88b02ffc13ae0370000104
262,Flory,Deamer,F,62,fdeamer79@miibeian.gov.cn,3XL,NY,10090,5d88b02ffc13ae0370000105
263,Charity,Short,F,32,cshort7a@nasa.gov,S,IN,47737,5d88b02ffc13ae0370000106
264,Paule,Arro,F,46,parro7b@indiegogo.com,3XL,AZ,86305,5d88b02ffc13ae0370000107
265,Nikolaos,Goodban,M,30,ngoodban7c@ustream.tv,L,TN,37210,5d88b02ffc13ae0370000108
266,Obadias,Scamel,M,67,oscamel7d@lycos.com,3XL,TX,79415,5d88b02ffc13ae0370000109
267,Clarey,Fend,F,40,cfend7e@goo.ne.jp,XL,NC,28410,5d88b02ffc13ae037000010a
268,Walden,Minnock,M,83,wminnock7f@joomla.org,XS,GA,30356,5d88b02ffc13ae037000010b
269,Rochell,Riddiford,F,46,rriddiford7g@wsj.com,2XL,TN,38136,5d88b02ffc13ae037000010c
270,Liesa,Standell,F,37,lstandell7h@phoca.cz,M,IN,46015,5d88b02ffc13ae037000010d
271,Nathaniel,Assinder,M,78,nassinder7i@multiply.com,XS,MO,64114,5d88b02ffc13ae037000010e
272,Federico,Giacopetti,M,81,fgiacopetti7j@canalblog.com,3XL,CA,90831,5d88b02ffc13ae037000010f
273,Arnoldo,Nisuis,M,39,anisuis7k@facebook.com,XS,NY,12242,5d88b02ffc13ae0370000110
274,Damaris,Jans,F,61,djans7l@hubpages.com,S,CO,80905,5d88b02ffc13ae0370000111
275,Thia,Mortlock,F,68,tmortlock7m@spiegel.de,L,ND,58106,5d88b02ffc13ae0370000112
276,Brady,Honniebal,M,59,bhonniebal7n@nps.gov,3XL,DC,20456,5d88b02ffc13ae0370000113
277,Ibby,Wheelan,F,15,iwheelan7o@over-blog.com,M,WA,98481,5d88b02ffc13ae0370000114
278,Temple,Farnhill,M,90,tfarnhill7p@dmoz.org,2XL,LA,70116,5d88b02ffc13ae0370000115
279,Nellie,Filliskirk,F,51,nfilliskirk7q@cyberchimps.com,XS,PA,17405,5d88b02ffc13ae0370000116
280,Kevina,Rafferty,F,38,krafferty7r@wunderground.com,XL,OH,43231,5d88b02ffc13ae0370000117
281,Veronica,Tweedle,F,31,vtweedle7s@tiny.cc,S,IN,46867,5d88b02ffc13ae0370000118
282,Domenico,Brayshay,M,96,dbrayshay7t@usda.gov,XS,CA,95173,5d88b02ffc13ae0370000119
283,Lenard,Dolling,M,98,ldolling7u@goodreads.com,M,FL,33175,5d88b02ffc13ae037000011a
284,Gloria,Gierck,F,80,ggierck7v@timesonline.co.uk,3XL,MD,21229,5d88b02ffc13ae037000011b
285,Kippar,MacAllen,M,47,kmacallen7w@xing.com,XL,IL,62794,5d88b02ffc13ae037000011c
286,Shawna,Arlidge,F,88,sarlidge7x@businessweek.com,L,WI,53234,5d88b02ffc13ae037000011d
287,Torey,Ranyard,M,82,tranyard7y@sourceforge.net,XL,VA,22217,5d88b02ffc13ae037000011e
288,Adan,Muzzini,F,95,amuzzini7z@mail.ru,3XL,UT,84605,5d88b02ffc13ae037000011f
289,Nerissa,Fearnside,F,44,nfearnside80@google.com.hk,2XL,NY,11247,5d88b02ffc13ae0370000120
290,Hanson,Shivell,M,87,hshivell81@smugmug.com,2XL,IA,50330,5d88b02ffc13ae0370000121
291,Caryl,Kilalea,F,94,ckilalea82@so-net.ne.jp,L,NC,27157,5d88b02ffc13ae0370000122
292,Kristi,Woodcraft,F,19,kwoodcraft83@usnews.com,L,TN,38197,5d88b02ffc13ae0370000123
293,Annadiana,Limon,F,85,alimon84@wired.com,M,MN,55564,5d88b02ffc13ae0370000124
294,Kelcey,Delacour,F,61,kdelacour85@google.com.hk,3XL,FL,33421,5d88b02ffc13ae0370000125
295,Ade,How,M,19,ahow86@abc.net.au,L,CA,91103,5d88b02ffc13ae0370000126
296,Patrice,Buey,M,57,pbuey87@pinterest.com,2XL,TX,79410,5d88b02ffc13ae0370000127
297,Robbi,Ridler,F,25,rridler88@harvard.edu,3XL,AZ,85035,5d88b02ffc13ae0370000128
298,Mureil,Kinnon,F,32,mkinnon89@yahoo.co.jp,XL,MS,39296,5d88b02ffc13ae0370000129
299,Frants,Bes,M,47,fbes8a@sciencedaily.com,L,IL,62756,5d88b02ffc13ae037000012a
300,Hadlee,Phonix,M,99,hphonix8b@blogger.com,XL,TX,75265,5d88b02ffc13ae037000012b
301,Graham,Moret,M,95,gmoret8c@topsy.com,3XL,MI,48217,5d88b02ffc13ae037000012c
302,Garrik,Chatenier,M,71,gchatenier8d@ameblo.jp,L,TX,78410,5d88b02ffc13ae037000012d
303,Luce,Peperell,M,87,lpeperell8e@sphinn.com,M,MO,65218,5d88b02ffc13ae037000012e
304,Gunar,Blacklawe,M,44,gblacklawe8f@tmall.com,XL,OR,97201,5d88b02ffc13ae037000012f
305,Donavon,Gladdor,M,21,dgladdor8g@businessweek.com,XS,DC,20226,5d88b02ffc13ae0370000130
306,Ulrika,Ferschke,F,68,uferschke8h@ed.gov,S,KS,67220,5d88b02ffc13ae0370000131
307,Nero,Braunroth,M,90,nbraunroth8i@yandex.ru,S,IN,46231,5d88b02ffc13ae0370000132
308,Lyn,Vogelein,M,57,lvogelein8j@jigsy.com,M,FL,33416,5d88b02ffc13ae0370000133
309,Brod,Kock,M,93,bkock8k@google.nl,S,GA,31904,5d88b02ffc13ae0370000134
310,Gale,Koomar,M,57,gkoomar8l@skyrock.com,2XL,TX,78415,5d88b02ffc13ae0370000135
311,Calida,Cano,F,40,ccano8m@google.com.hk,S,LA,71213,5d88b02ffc13ae0370000136
312,Arlen,Friel,M,80,afriel8n@samsung.com,M,FL,33124,5d88b02ffc13ae0370000137
313,Franchot,Zanre,M,54,fzanre8o@1und1.de,M,CA,93704,5d88b02ffc13ae0370000138
314,Cyril,De Roos,M,56,cderoos8p@wikia.com,3XL,WV,25726,5d88b02ffc13ae0370000139
315,Diena,Hillyatt,F,67,dhillyatt8q@dagondesign.com,L,TX,79968,5d88b02ffc13ae037000013a
316,Blayne,Cleife,M,33,bcleife8r@friendfeed.com,XL,MI,49518,5d88b02ffc13ae037000013b
317,Andras,Moorerud,M,31,amoorerud8s@posterous.com,L,HI,96840,5d88b02ffc13ae037000013c
318,Dacy,Verryan,F,26,dverryan8t@weebly.com,XL,AL,35895,5d88b02ffc13ae037000013d
319,Lyndell,Cantera,F,65,lcantera8u@nsw.gov.au,XS,MD,21203,5d88b02ffc13ae037000013e
320,Martina,Aldie,F,46,maldie8v@google.co.jp,2XL,LA,70179,5d88b02ffc13ae037000013f
321,Dian,Laidler,F,79,dlaidler8w@uol.com.br,M,TX,76210,5d88b02ffc13ae0370000140
322,Glendon,Berndt,M,63,gberndt8x@illinois.edu,S,FL,32595,5d88b02ffc13ae0370000141
323,Noelyn,Seawell,F,40,nseawell8y@psu.edu,L,CA,91520,5d88b02ffc13ae0370000142
324,Leah,Paudin,F,56,lpaudin8z@ihg.com,3XL,NY,11054,5d88b02ffc13ae0370000143
325,Bart,Scrymgeour,M,56,bscrymgeour90@naver.com,2XL,ID,83716,5d88b02ffc13ae0370000144
326,Susie,Beney,F,29,sbeney91@sohu.com,S,CO,80328,5d88b02ffc13ae0370000145
327,Brunhilde,Vidgen,F,59,bvidgen92@hexun.com,S,OR,97296,5d88b02ffc13ae0370000146
328,Linc,MacGowing,M,99,lmacgowing93@plala.or.jp,2XL,CA,95823,5d88b02ffc13ae0370000147
329,Sasha,Chevolleau,F,71,schevolleau94@bloglines.com,S,FL,33233,5d88b02ffc13ae0370000148
330,Doretta,Coburn,F,17,dcoburn95@eventbrite.com,XL,NV,89087,5d88b02ffc13ae0370000149
331,Sophey,Syder,F,77,ssyder96@craigslist.org,L,OK,74133,5d88b02ffc13ae037000014a
332,Langsdon,Link,M,42,llink97@sun.com,S,AL,35254,5d88b02ffc13ae037000014b
333,Ashlen,Geroldo,F,87,ageroldo98@yolasite.com,XS,VA,22184,5d88b02ffc13ae037000014c
334,Dallon,Kildale,M,16,dkildale99@soup.io,M,CA,92105,5d88b02ffc13ae037000014d
335,Gun,Nequest,M,16,gnequest9a@columbia.edu,S,FL,32627,5d88b02ffc13ae037000014e
336,Linnell,Eakins,F,15,leakins9b@nih.gov,3XL,PA,19109,5d88b02ffc13ae037000014f
337,Gerick,Pitkethly,M,19,gpitkethly9c@mlb.com,XL,NY,10045,5d88b02ffc13ae0370000150
338,Ellary,Guerriero,M,20,eguerriero9d@soup.io,L,IA,52245,5d88b02ffc13ae0370000151
339,Fleming,Pepineaux,M,21,fpepineaux9e@yolasite.com,XL,AZ,85025,5d88b02ffc13ae0370000152
340,Petunia,Baert,F,71,pbaert9f@hao123.com,S,PA,17126,5d88b02ffc13ae0370000153
341,Ange,Tocqueville,F,19,atocqueville9g@ftc.gov,2XL,TX,77075,5d88b02ffc13ae0370000154
342,Kit,Tellwright,M,29,ktellwright9h@cpanel.net,M,MO,63136,5d88b02ffc13ae0370000155
343,Trip,Edbrooke,M,21,tedbrooke9i@ning.com,XS,IN,46278,5d88b02ffc13ae0370000156
344,Michael,Alton,M,53,malton9j@geocities.jp,XL,AZ,85260,5d88b02ffc13ae0370000157
345,Dan,Milley,M,64,dmilley9k@nps.gov,S,PA,19120,5d88b02ffc13ae0370000158
346,Heath,Wigmore,F,15,hwigmore9l@mediafire.com,S,TX,78465,5d88b02ffc13ae0370000159
347,Eleonore,Kordes,F,41,ekordes9m@chicagotribune.com,XL,HI,96850,5d88b02ffc13ae037000015a
348,Neils,Breazeall,M,25,nbreazeall9n@sohu.com,L,KS,66276,5d88b02ffc13ae037000015b
349,Glenda,Tissier,F,79,gtissier9o@mayoclinic.com,2XL,IA,50310,5d88b02ffc13ae037000015c
350,Rickie,Brando,F,65,rbrando9p@prlog.org,XL,MS,39210,5d88b02ffc13ae037000015d
351,Franciskus,Simanek,M,88,fsimanek9q@miitbeian.gov.cn,2XL,DE,19725,5d88b02ffc13ae037000015e
352,Calida,Phizakarley,F,34,cphizakarley9r@qq.com,XS,TX,77806,5d88b02ffc13ae037000015f
353,Iago,Warrillow,M,46,iwarrillow9s@sina.com.cn,XL,CA,93762,5d88b02ffc13ae0370000160
354,Buddie,Charnock,M,25,bcharnock9t@independent.co.uk,S,TX,88558,5d88b02ffc13ae0370000161
355,Annabelle,Aspel,F,65,aaspel9u@etsy.com,2XL,SC,29615,5d88b02ffc13ae0370000162
356,Paul,Schoenfisch,M,82,pschoenfisch9v@huffingtonpost.com,3XL,TX,88563,5d88b02ffc13ae0370000163
357,Mead,Bigham,F,49,mbigham9w@cocolog-nifty.com,XL,TX,78703,5d88b02ffc13ae0370000164
358,Byrle,Spaducci,M,85,bspaducci9x@craigslist.org,S,TX,78285,5d88b02ffc13ae0370000165
359,Vaughan,Jakab,M,57,vjakab9y@omniture.com,XS,DC,20456,5d88b02ffc13ae0370000166
360,Franky,Flatt,M,16,fflatt9z@chronoengine.com,3XL,GA,30092,5d88b02ffc13ae0370000167
361,Tova,Craw,F,35,tcrawa0@census.gov,2XL,AZ,85077,5d88b02ffc13ae0370000168
362,Genevieve,Murty,F,76,gmurtya1@lulu.com,L,CA,94164,5d88b02ffc13ae0370000169
363,Faber,Burner,M,68,fburnera2@china.com.cn,M,UT,84105,5d88b02ffc13ae037000016a
364,Lyn,Penwell,M,53,lpenwella3@toplist.cz,3XL,IL,61825,5d88b02ffc13ae037000016b
365,Pincus,Cords,M,34,pcordsa4@chron.com,M,OK,73152,5d88b02ffc13ae037000016c
366,Evelin,Rowan,M,61,erowana5@blogtalkradio.com,XL,CO,80045,5d88b02ffc13ae037000016d
367,Meghan,Theuff,F,16,mtheuffa6@scientificamerican.com,XS,CA,93005,5d88b02ffc13ae037000016e
368,Ambros,Hartnell,M,24,ahartnella7@ibm.com,S,IL,60652,5d88b02ffc13ae037000016f
369,Berri,Kem,F,68,bkema8@squidoo.com,3XL,TX,88530,5d88b02ffc13ae0370000170
370,Ardelis,McGuffie,F,81,amcguffiea9@yolasite.com,2XL,AZ,85205,5d88b02ffc13ae0370000171
371,Cornie,Lineham,M,24,clinehamaa@ustream.tv,XL,TN,37250,5d88b02ffc13ae0370000172
372,Elsi,Oldfield-Cherry,F,55,eoldfieldcherryab@cnbc.com,3XL,TN,37605,5d88b02ffc13ae0370000173
373,Angelia,Wilprecht,F,55,awilprechtac@ustream.tv,XL,FL,33906,5d88b02ffc13ae0370000174
374,Aylmer,Lacky,M,22,alackyad@hibu.com,XS,CA,91131,5d88b02ffc13ae0370000175
375,Serene,Hanley,F,56,shanleyae@tumblr.com,2XL,CA,90040,5d88b02ffc13ae0370000176
376,Freda,Kiendl,F,18,fkiendlaf@examiner.com,L,MA,02124,5d88b02ffc13ae0370000177
377,Robinson,Kasparski,M,26,rkasparskiag@youtu.be,XL,LA,70894,5d88b02ffc13ae0370000178
378,Ferdinand,Follos,M,94,ffollosah@ftc.gov,S,MT,59112,5d88b02ffc13ae0370000179
379,Lucio,Le Franc,M,81,llefrancai@devhub.com,3XL,TX,77055,5d88b02ffc13ae037000017a
380,Boyd,Labitt,M,23,blabittaj@sogou.com,M,TN,38181,5d88b02ffc13ae037000017b
381,Vevay,Noyes,F,79,vnoyesak@google.com,S,NE,68164,5d88b02ffc13ae037000017c
382,Darleen,Bann,F,83,dbannal@friendfeed.com,M,CA,95813,5d88b02ffc13ae037000017d
383,Aldrich,Pheasey,M,22,apheaseyam@gizmodo.com,S,KS,66642,5d88b02ffc13ae037000017e
384,Skylar,Wimmers,M,85,swimmersan@samsung.com,XS,NY,10249,5d88b02ffc13ae037000017f
385,Maurise,Tutill,F,71,mtutillao@digg.com,XS,FL,34985,5d88b02ffc13ae0370000180
386,Kizzee,Castelluzzi,F,47,kcastelluzziap@ow.ly,XL,DC,20057,5d88b02ffc13ae0370000181
387,Nan,Geockle,F,97,ngeockleaq@usgs.gov,L,NY,10469,5d88b02ffc13ae0370000182
388,Bendick,Garrigan,M,53,bgarriganar@wiley.com,XL,TN,37914,5d88b02ffc13ae0370000183
389,Mame,Domokos,F,29,mdomokosas@washington.edu,M,SC,29225,5d88b02ffc13ae0370000184
390,Kim,Marchello,M,47,kmarchelloat@uol.com.br,2XL,CA,92176,5d88b02ffc13ae0370000185
391,Fannie,Nott,F,91,fnottau@instagram.com,XS,FL,33610,5d88b02ffc13ae0370000186
392,Sherline,Bachelar,F,81,sbachelarav@trellian.com,2XL,PA,19184,5d88b02ffc13ae0370000187
393,Doris,Darco,F,24,ddarcoaw@amazonaws.com,XS,NV,89155,5d88b02ffc13ae0370000188
394,Amabelle,Side,F,54,asideax@nationalgeographic.com,3XL,VA,23504,5d88b02ffc13ae0370000189
395,Tripp,Barles,M,35,tbarlesay@twitpic.com,S,CA,93305,5d88b02ffc13ae037000018a
396,Mia,Read,F,67,mreadaz@nationalgeographic.com,L,MI,49505,5d88b02ffc13ae037000018b
397,Dewey,Jeafferson,M,46,djeaffersonb0@shutterfly.com,XS,NC,27658,5d88b02ffc13ae037000018c
398,Conrad,Goodlet,M,33,cgoodletb1@drupal.org,3XL,CO,80995,5d88b02ffc13ae037000018d
399,Nadya,Novkovic,F,45,nnovkovicb2@pen.io,M,TX,77388,5d88b02ffc13ae037000018e
400,Cathi,McChesney,F,19,cmcchesneyb3@mozilla.com,L,TX,77045,5d88b02ffc13ae037000018f
401,Ludovika,Oldroyd,F,16,loldroydb4@toplist.cz,3XL,AL,35295,5d88b02ffc13ae0370000190
402,Felecia,Darrel,F,38,fdarrelb5@furl.net,S,IA,50330,5d88b02ffc13ae0370000191
403,Neddy,Courage,M,89,ncourageb6@mozilla.org,L,SC,29610,5d88b02ffc13ae0370000192
404,Cash,Thomesson,M,90,cthomessonb7@umich.edu,XL,ME,04109,5d88b02ffc13ae0370000193
405,Granger,Pechan,M,83,gpechanb8@princeton.edu,M,FL,32412,5d88b02ffc13ae0370000194
406,Siobhan,Jurca,F,49,sjurcab9@rambler.ru,XS,ID,83722,5d88b02ffc13ae0370000195
407,Milo,Plaice,M,66,mplaiceba@indiegogo.com,XL,FL,33147,5d88b02ffc13ae0370000196
408,Tedd,Phillins,M,73,tphillinsbb@paginegialle.it,3XL,CA,90020,5d88b02ffc13ae0370000197
409,Ros,Ripon,F,36,rriponbc@about.com,M,FL,33686,5d88b02ffc13ae0370000198
410,Tine,Bernhardt,F,83,tbernhardtbd@pinterest.com,XS,NC,28220,5d88b02ffc13ae0370000199
411,Zea,Westmacott,F,49,zwestmacottbe@yellowpages.com,XL,CT,06145,5d88b02ffc13ae037000019a
412,Ella,Losemann,F,45,elosemannbf@amazonaws.com,XL,AZ,85754,5d88b02ffc13ae037000019b
413,Zacharias,Turvey,M,39,zturveybg@comcast.net,XS,CA,93786,5d88b02ffc13ae037000019c
414,Carie,Tewes,F,30,ctewesbh@moonfruit.com,L,KS,66160,5d88b02ffc13ae037000019d
415,Shannah,Bennison,F,22,sbennisonbi@goo.ne.jp,M,OH,44485,5d88b02ffc13ae037000019e
416,Harlin,Bucknell,M,67,hbucknellbj@joomla.org,M,NC,28230,5d88b02ffc13ae037000019f
417,Darcy,Walentynowicz,F,72,dwalentynowiczbk@eepurl.com,M,TX,77554,5d88b02ffc13ae03700001a0
418,Nessi,Giorgi,F,73,ngiorgibl@behance.net,XL,OH,45249,5d88b02ffc13ae03700001a1
419,Lesly,Kielty,F,30,lkieltybm@wired.com,L,WI,53710,5d88b02ffc13ae03700001a2
420,Leia,Enright,F,48,lenrightbn@zdnet.com,XS,TX,78732,5d88b02ffc13ae03700001a3
421,Nichol,Braddock,F,87,nbraddockbo@wordpress.com,L,CT,06816,5d88b02ffc13ae03700001a4
422,Monroe,Imesen,M,71,mimesenbp@mit.edu,L,NY,10203,5d88b02ffc13ae03700001a5
423,Giffer,Bycraft,M,50,gbycraftbq@weebly.com,2XL,TX,78749,5d88b02ffc13ae03700001a6
424,Ban,Jeckells,M,86,bjeckellsbr@timesonline.co.uk,S,IL,62711,5d88b02ffc13ae03700001a7
425,Darya,Corselles,F,36,dcorsellesbs@issuu.com,L,HI,96810,5d88b02ffc13ae03700001a8
426,Sharlene,Chaters,F,33,schatersbt@census.gov,2XL,NE,68124,5d88b02ffc13ae03700001a9
427,Ardelis,Hourahan,F,99,ahourahanbu@geocities.jp,XS,VA,23459,5d88b02ffc13ae03700001aa
428,Jewelle,Edgworth,F,35,jedgworthbv@comcast.net,L,NJ,07104,5d88b02ffc13ae03700001ab
429,Romain,Zarb,M,44,rzarbbw@tripod.com,XS,LA,70820,5d88b02ffc13ae03700001ac
430,Kevan,Gabbett,M,66,kgabbettbx@slideshare.net,L,CA,94159,5d88b02ffc13ae03700001ad
431,Cinderella,Thirtle,F,76,cthirtleby@csmonitor.com,S,FL,32399,5d88b02ffc13ae03700001ae
432,Jens,Biddy,M,17,jbiddybz@zdnet.com,L,NC,27615,5d88b02ffc13ae03700001af
433,Lorrin,Callicott,F,77,lcallicottc0@cocolog-nifty.com,XS,MN,55579,5d88b02ffc13ae03700001b0
434,Arnaldo,Fincher,M,94,afincherc1@woothemes.com,XS,CA,95133,5d88b02ffc13ae03700001b1
435,Georg,Milson,M,36,gmilsonc2@webeden.co.uk,2XL,VA,22205,5d88b02ffc13ae03700001b2
436,Weston,Braine,M,88,wbrainec3@nasa.gov,M,IN,46852,5d88b02ffc13ae03700001b3
437,Rainer,Skerrett,M,97,rskerrettc4@addthis.com,XL,WA,98405,5d88b02ffc13ae03700001b4
438,Pippa,Cragg,F,92,pcraggc5@hubpages.com,2XL,NY,10014,5d88b02ffc13ae03700001b5
439,Craggie,Hyrons,M,21,chyronsc6@ebay.co.uk,S,CO,80915,5d88b02ffc13ae03700001b6
440,Taylor,Danzelman,M,32,tdanzelmanc7@blogspot.com,2XL,TN,38143,5d88b02ffc13ae03700001b7
441,Maressa,Grossman,F,53,mgrossmanc8@shutterfly.com,3XL,CA,95108,5d88b02ffc13ae03700001b8
442,Belle,Dach,F,84,bdachc9@networksolutions.com,S,TX,88558,5d88b02ffc13ae03700001b9
443,Nappie,Bolding,M,76,nboldingca@google.it,3XL,CA,90087,5d88b02ffc13ae03700001ba
444,Georgianne,Bateson,F,91,gbatesoncb@bizjournals.com,XL,IL,60609,5d88b02ffc13ae03700001bb
445,Deeyn,Inggall,F,70,dinggallcc@nps.gov,M,GA,30061,5d88b02ffc13ae03700001bc
446,Eleonore,Igglesden,F,99,eigglesdencd@vimeo.com,M,AZ,85083,5d88b02ffc13ae03700001bd
447,Karalynn,Richichi,F,29,krichichice@scribd.com,3XL,TX,79955,5d88b02ffc13ae03700001be
448,Mellie,Spring,F,33,mspringcf@spotify.com,3XL,GA,31210,5d88b02ffc13ae03700001bf
449,Gillie,Syson,F,59,gsysoncg@va.gov,XL,TX,77005,5d88b02ffc13ae03700001c0
450,Bartolomeo,Tureville,M,28,bturevillech@storify.com,L,TX,78296,5d88b02ffc13ae03700001c1
451,Salli,MacCartan,F,19,smaccartanci@weebly.com,L,CA,94522,5d88b02ffc13ae03700001c2
452,Marquita,Jarley,F,55,mjarleycj@statcounter.com,XS,PA,19104,5d88b02ffc13ae03700001c3
453,Dianne,Boxe,F,84,dboxeck@columbia.edu,2XL,IL,60158,5d88b02ffc13ae03700001c4
454,Juan,Tithacott,M,81,jtithacottcl@jugem.jp,3XL,WI,53263,5d88b02ffc13ae03700001c5
455,Raimund,Mattiuzzi,M,57,rmattiuzzicm@nymag.com,S,WV,25321,5d88b02ffc13ae03700001c6
456,Dylan,Iorizzi,M,41,diorizzicn@patch.com,2XL,FL,33715,5d88b02ffc13ae03700001c7
457,Cello,Cicconetti,M,68,ccicconettico@archive.org,3XL,CA,94522,5d88b02ffc13ae03700001c8
458,Garry,Merali,M,57,gmeralicp@phoca.cz,L,CA,91117,5d88b02ffc13ae03700001c9
459,Pia,Lamburne,F,93,plamburnecq@yellowbook.com,3XL,PA,19191,5d88b02ffc13ae03700001ca
460,Noelle,McDougal,F,21,nmcdougalcr@cocolog-nifty.com,XS,DC,20503,5d88b02ffc13ae03700001cb
461,Raina,Pinn,F,99,rpinncs@moonfruit.com,M,CA,95194,5d88b02ffc13ae03700001cc
462,Elka,Stucksbury,F,94,estucksburyct@tuttocitta.it,S,GA,31422,5d88b02ffc13ae03700001cd
463,Vergil,Maidens,M,68,vmaidenscu@psu.edu,M,CA,93305,5d88b02ffc13ae03700001ce
464,Easter,Mallaby,F,58,emallabycv@epa.gov,2XL,NC,28220,5d88b02ffc13ae03700001cf
465,Libbi,Rapaport,F,89,lrapaportcw@digg.com,XL,AR,72905,5d88b02ffc13ae03700001d0
466,Silvie,Tucknott,F,28,stucknottcx@va.gov,S,FL,32803,5d88b02ffc13ae03700001d1
467,Rodrique,Reschke,M,51,rreschkecy@lulu.com,XS,NY,12222,5d88b02ffc13ae03700001d2
468,Alyosha,Dryden,M,90,adrydencz@netvibes.com,XS,NY,11044,5d88b02ffc13ae03700001d3
469,Con,Blare,M,71,cblared0@microsoft.com,S,TX,77085,5d88b02ffc13ae03700001d4
470,Jasen,Faley,M,71,jfaleyd1@globo.com,M,WA,98424,5d88b02ffc13ae03700001d5
471,Seana,Novotne,F,32,snovotned2@nasa.gov,XL,AL,35487,5d88b02ffc13ae03700001d6
472,Ellsworth,Sprague,M,62,espragued3@ustream.tv,2XL,NJ,08695,5d88b02ffc13ae03700001d7
473,Leela,Smalcombe,F,68,lsmalcombed4@irs.gov,M,AL,35225,5d88b02ffc13ae03700001d8
474,Aleece,Gladhill,F,91,agladhilld5@yellowbook.com,2XL,DC,20205,5d88b02ffc13ae03700001d9
475,Ogden,Smidmoor,M,50,osmidmoord6@gov.uk,3XL,CA,93591,5d88b02ffc13ae03700001da
476,Mikaela,Boyne,F,89,mboyned7@uiuc.edu,XS,TX,77090,5d88b02ffc13ae03700001db
477,Allie,Dresser,M,19,adresserd8@sciencedirect.com,XS,MO,63158,5d88b02ffc13ae03700001dc
478,Otho,Bronot,M,71,obronotd9@1688.com,M,NJ,07505,5d88b02ffc13ae03700001dd
479,Gwendolin,Dorrins,F,72,gdorrinsda@tmall.com,XL,KY,40591,5d88b02ffc13ae03700001de
480,Andrei,Blogg,F,83,abloggdb@foxnews.com,XL,FL,33164,5d88b02ffc13ae03700001df
481,Wells,Constance,M,27,wconstancedc@example.com,XS,PA,19115,5d88b02ffc13ae03700001e0
482,Mariya,Swyne,F,83,mswynedd@tinyurl.com,S,FL,33261,5d88b02ffc13ae03700001e1
483,Ermina,Robottom,F,25,erobottomde@comcast.net,XL,TX,78235,5d88b02ffc13ae03700001e2
484,Ber,Bestall,M,94,bbestalldf@independent.co.uk,L,AZ,85748,5d88b02ffc13ae03700001e3
485,Bron,Joust,M,33,bjoustdg@addthis.com,XL,NY,14233,5d88b02ffc13ae03700001e4
486,Pearce,Bloore,M,38,pblooredh@reverbnation.com,XS,TX,78749,5d88b02ffc13ae03700001e5
487,Lucius,Sadd,M,96,lsadddi@uiuc.edu,L,AL,35263,5d88b02ffc13ae03700001e6
488,Drusi,Bannard,F,90,dbannarddj@flickr.com,3XL,IL,60208,5d88b02ffc13ae03700001e7
489,Cleo,Yurtsev,F,65,cyurtsevdk@google.com,L,TX,78240,5d88b02ffc13ae03700001e8
490,Derrick,Rengger,M,34,drenggerdl@ed.gov,L,FL,33982,5d88b02ffc13ae03700001e9
491,Danyette,Ottee,F,92,dotteedm@vkontakte.ru,2XL,TX,78726,5d88b02ffc13ae03700001ea
492,Maire,Bartels-Ellis,F,61,mbartelsellisdn@pbs.org,M,VA,22070,5d88b02ffc13ae03700001eb
493,Towney,Searjeant,M,40,tsearjeantdo@sitemeter.com,M,LA,70894,5d88b02ffc13ae03700001ec
494,Nady,Carden,F,52,ncardendp@pinterest.com,XS,OH,43635,5d88b02ffc13ae03700001ed
495,Freddy,Stannas,M,81,fstannasdq@slashdot.org,L,MO,65218,5d88b02ffc13ae03700001ee
496,Martyn,Britcher,M,31,mbritcherdr@businessweek.com,S,WA,98481,5d88b02ffc13ae03700001ef
497,Kessia,Aspital,F,52,kaspitalds@moonfruit.com,3XL,NY,14225,5d88b02ffc13ae03700001f0
498,Sheffie,Arpino,M,97,sarpinodt@accuweather.com,3XL,MD,21281,5d88b02ffc13ae03700001f1
499,Andy,Wollers,M,99,awollersdu@yahoo.co.jp,S,WV,25356,5d88b02ffc13ae03700001f2
500,Elihu,Gerry,M,79,egerrydv@ucsd.edu,S,FL,32220,5d88b02ffc13ae03700001f3
501,Kellby,Ganter,M,46,kganterdw@so-net.ne.jp,XS,VT,05609,5d88b02ffc13ae03700001f4
502,Yetta,Cornelleau,F,79,ycornelleaudx@nature.com,L,MT,59112,5d88b02ffc13ae03700001f5
503,Jamie,Rentelll,M,94,jrentellldy@icio.us,XL,IN,46247,5d88b02ffc13ae03700001f6
504,Tiffie,Adamolli,F,41,tadamollidz@amazon.com,2XL,MO,63131,5d88b02ffc13ae03700001f7
505,Catherin,Bannell,F,23,cbannelle0@cbc.ca,L,DC,20210,5d88b02ffc13ae03700001f8
506,Alisa,Aleshkov,F,97,aaleshkove1@list-manage.com,S,CA,92668,5d88b02ffc13ae03700001f9
507,Peta,Seakes,F,16,pseakese2@wordpress.org,3XL,AL,36205,5d88b02ffc13ae03700001fa
508,Lorena,Sapena,F,37,lsapenae3@sfgate.com,M,NY,14646,5d88b02ffc13ae03700001fb
509,Harri,McGilvra,F,24,hmcgilvrae4@google.cn,L,TX,76796,5d88b02ffc13ae03700001fc
510,Gavra,Farryan,F,29,gfarryane5@economist.com,3XL,TN,38197,5d88b02ffc13ae03700001fd
511,Pepe,Jeffrey,M,65,pjeffreye6@skype.com,S,FL,32627,5d88b02ffc13ae03700001fe
512,Clemmy,Sirkett,M,33,csirkette7@squarespace.com,3XL,PA,17140,5d88b02ffc13ae03700001ff
513,Antone,Postlewhite,M,23,apostlewhitee8@clickbank.net,3XL,OK,74103,5d88b02ffc13ae0370000200
514,Francesco,Kennan,M,65,fkennane9@bandcamp.com,XL,IL,62705,5d88b02ffc13ae0370000201
515,Josiah,Dovinson,M,85,jdovinsonea@prlog.org,M,MD,21705,5d88b02ffc13ae0370000202
516,Baryram,Scyner,M,20,bscynereb@blogs.com,S,TX,75260,5d88b02ffc13ae0370000203
517,Ricard,McKyrrelly,M,71,rmckyrrellyec@bing.com,2XL,OH,44321,5d88b02ffc13ae0370000204
518,Ban,McCleod,M,43,bmccleoded@rambler.ru,L,OK,73114,5d88b02ffc13ae0370000205
519,Benjamen,Karlolczak,M,65,bkarlolczakee@nationalgeographic.com,L,FL,33013,5d88b02ffc13ae0370000206
520,Jayne,Dutt,F,52,jduttef@wiley.com,XL,CO,80005,5d88b02ffc13ae0370000207
521,Nessa,Reagan,F,64,nreaganeg@apple.com,M,PA,18768,5d88b02ffc13ae0370000208
522,Philly,Thebes,F,49,pthebeseh@umn.edu,L,TX,79934,5d88b02ffc13ae0370000209
523,Blake,Bertome,M,29,bbertomeei@engadget.com,3XL,CO,80638,5d88b02ffc13ae037000020a
524,Zelig,De Rechter,M,55,zderechterej@globo.com,M,DC,20430,5d88b02ffc13ae037000020b
525,Morgun,Gelder,M,75,mgelderek@europa.eu,2XL,OK,74170,5d88b02ffc13ae037000020c
526,Stephenie,Keenan,F,60,skeenanel@imdb.com,S,CA,92519,5d88b02ffc13ae037000020d
527,Ambrose,Heyball,M,27,aheyballem@ucla.edu,XL,NY,12305,5d88b02ffc13ae037000020e
528,Neddie,Stallybrass,M,72,nstallybrassen@zdnet.com,3XL,IN,46867,5d88b02ffc13ae037000020f
529,Mark,Ivakhno,M,49,mivakhnoeo@studiopress.com,2XL,TX,77844,5d88b02ffc13ae0370000210
530,Francis,Batchelour,M,26,fbatchelourep@wiley.com,S,WA,98506,5d88b02ffc13ae0370000211
531,Elyn,Smyth,F,91,esmytheq@tmall.com,M,CA,93305,5d88b02ffc13ae0370000212
532,Michale,McPeck,M,53,mmcpecker@comsenz.com,L,NC,27690,5d88b02ffc13ae0370000213
533,Donn,Guerrier,M,83,dguerrieres@google.com.au,XL,MI,48107,5d88b02ffc13ae0370000214
534,Ryley,Brinkman,M,28,rbrinkmanet@npr.org,M,CA,90045,5d88b02ffc13ae0370000215
535,Rodge,Proudley,M,92,rproudleyeu@sciencedirect.com,M,NJ,08104,5d88b02ffc13ae0370000216
536,Shena,Foxon,F,85,sfoxonev@surveymonkey.com,XL,FL,34238,5d88b02ffc13ae0370000217
537,Marylou,Funcheon,F,48,mfuncheonew@independent.co.uk,L,CA,91411,5d88b030fc13ae0370000218
538,Arte,Bonhome,M,19,abonhomeex@newsvine.com,M,PA,15240,5d88b030fc13ae0370000219
539,Kelsi,Lief,F,62,kliefey@walmart.com,S,CA,90510,5d88b030fc13ae037000021a
540,Myranda,Bigly,F,54,mbiglyez@topsy.com,L,CA,91520,5d88b030fc13ae037000021b
541,Louise,Caroll,F,52,lcarollf0@nps.gov,M,IL,62705,5d88b030fc13ae037000021c
542,Federica,Schubert,F,63,fschubertf1@china.com.cn,XS,OK,74156,5d88b030fc13ae037000021d
543,Meridel,Chazette,F,34,mchazettef2@slate.com,XS,IN,46699,5d88b030fc13ae037000021e
544,Glenna,Housecroft,F,65,ghousecroftf3@edublogs.org,XS,CA,90015,5d88b030fc13ae037000021f
545,Rora,Weyman,F,31,rweymanf4@reuters.com,S,TN,37228,5d88b030fc13ae0370000220
546,Astrid,Fontel,F,37,afontelf5@instagram.com,L,TX,79705,5d88b030fc13ae0370000221
547,Claudette,Houdhury,F,46,choudhuryf6@accuweather.com,2XL,CT,06726,5d88b030fc13ae0370000222
548,Drake,Clemitt,M,99,dclemittf7@youtu.be,XS,TX,78426,5d88b030fc13ae0370000223
549,Enrique,Hekkert,M,47,ehekkertf8@amazon.com,3XL,FL,33811,5d88b030fc13ae0370000224
550,Winthrop,Mithan,M,51,wmithanf9@pinterest.com,XL,SC,29220,5d88b030fc13ae0370000225
551,Prent,Prendiville,M,63,pprendivillefa@ebay.com,XL,IL,60652,5d88b030fc13ae0370000226
552,Teodoor,Brewer,M,88,tbrewerfb@delicious.com,2XL,MI,48550,5d88b030fc13ae0370000227
553,Isa,MacTurlough,M,80,imacturloughfc@friendfeed.com,S,TX,75185,5d88b030fc13ae0370000228
554,Steward,Peplay,M,99,speplayfd@multiply.com,XL,NC,28263,5d88b030fc13ae0370000229
555,Daphna,Culvey,F,69,dculveyfe@sun.com,XS,DE,19805,5d88b030fc13ae037000022a
556,Connie,Nunes Nabarro,M,82,cnunesnabarroff@gov.uk,L,TX,79989,5d88b030fc13ae037000022b
557,Elsa,Waddell,F,91,ewaddellfg@gravatar.com,S,AZ,85305,5d88b030fc13ae037000022c
558,Beatriz,McGaughay,F,29,bmcgaughayfh@bing.com,S,WV,25770,5d88b030fc13ae037000022d
559,Rachele,Ridolfi,F,26,rridolfifi@webeden.co.uk,L,GA,31296,5d88b030fc13ae037000022e
560,Remington,Reiling,M,42,rreilingfj@jiathis.com,S,AL,35210,5d88b030fc13ae037000022f
561,Duke,O'Crevan,M,54,docrevanfk@si.edu,XL,NY,12232,5d88b030fc13ae0370000230
562,Brendan,Dorsett,M,79,bdorsettfl@bandcamp.com,XL,OK,74133,5d88b030fc13ae0370000231
563,Gardie,Bolens,M,32,gbolensfm@walmart.com,3XL,PA,15286,5d88b030fc13ae0370000232
564,Jules,Staig,M,87,jstaigfn@cocolog-nifty.com,XS,TX,78278,5d88b030fc13ae0370000233
565,Ebonee,Antushev,F,82,eantushevfo@is.gd,3XL,FL,32595,5d88b030fc13ae0370000234
566,Carce,Warrell,M,23,cwarrellfp@answers.com,2XL,WI,53705,5d88b030fc13ae0370000235
567,Merci,Fair,F,47,mfairfq@moonfruit.com,M,UT,84409,5d88b030fc13ae0370000236
568,Dael,Caudell,M,87,dcaudellfr@slashdot.org,XS,FL,33647,5d88b030fc13ae0370000237
569,Feliks,Flawn,M,68,fflawnfs@discovery.com,3XL,KY,40220,5d88b030fc13ae0370000238
570,Aura,Digg,F,72,adiggft@gmpg.org,XS,CA,92121,5d88b030fc13ae0370000239
571,Lonee,Kamien,F,33,lkamienfu@psu.edu,XS,KS,66210,5d88b030fc13ae037000023a
572,Valerye,Chasmoor,F,60,vchasmoorfv@addthis.com,3XL,NJ,07310,5d88b030fc13ae037000023b
573,Lorne,Garnam,M,27,lgarnamfw@yellowpages.com,M,SD,57105,5d88b030fc13ae037000023c
574,Freddie,Blaszkiewicz,M,55,fblaszkiewiczfx@home.pl,M,TX,78296,5d88b030fc13ae037000023d
575,Scarface,Dikles,M,30,sdiklesfy@springer.com,3XL,OH,44505,5d88b030fc13ae037000023e
576,Patience,Senogles,F,71,psenoglesfz@nbcnews.com,2XL,AR,72118,5d88b030fc13ae037000023f
577,Ossie,Astley,M,62,oastleyg0@accuweather.com,3XL,FL,34238,5d88b030fc13ae0370000240
578,Andee,Pittson,F,58,apittsong1@shinystat.com,XS,FL,33694,5d88b030fc13ae0370000241
579,Herbert,Haughin,M,24,hhaughing2@timesonline.co.uk,S,PA,19178,5d88b030fc13ae0370000242
580,Sonya,Whitelaw,F,46,swhitelawg3@scribd.com,XL,TX,76544,5d88b030fc13ae0370000243
581,Jamill,Deary,M,54,jdearyg4@netlog.com,2XL,TX,77206,5d88b030fc13ae0370000244
582,Abba,Yosevitz,M,48,ayosevitzg5@newsvine.com,L,AL,35405,5d88b030fc13ae0370000245
583,Francklin,Dimitriades,M,80,fdimitriadesg6@rakuten.co.jp,S,LA,70836,5d88b030fc13ae0370000246
584,Marcel,Broadbury,M,42,mbroadburyg7@yandex.ru,L,FL,32220,5d88b030fc13ae0370000247
585,Shayne,Sparshutt,F,30,ssparshuttg8@stumbleupon.com,XS,OH,45999,5d88b030fc13ae0370000248
586,Aleta,Heugh,F,65,aheughg9@ebay.com,XL,MI,48550,5d88b030fc13ae0370000249
587,Chad,Brun,F,74,cbrunga@jiathis.com,S,FL,32808,5d88b030fc13ae037000024a
588,Theodora,New,F,22,tnewgb@deliciousdays.com,XL,TN,37919,5d88b030fc13ae037000024b
589,Esma,Corneljes,F,61,ecorneljesgc@booking.com,XS,IN,47905,5d88b030fc13ae037000024c
590,Rafa,Caris,F,87,rcarisgd@delicious.com,L,NE,68583,5d88b030fc13ae037000024d
591,Lindie,Brimley,F,49,lbrimleyge@51.la,M,FL,33169,5d88b030fc13ae037000024e
592,Dilly,Bygreaves,M,87,dbygreavesgf@answers.com,L,PA,18706,5d88b030fc13ae037000024f
593,Antonino,Besemer,M,94,abesemergg@japanpost.jp,XS,IL,61651,5d88b030fc13ae0370000250
594,Beaufort,Mursell,M,86,bmursellgh@vistaprint.com,S,VA,23242,5d88b030fc13ae0370000251
595,Ben,Christer,M,39,bchristergi@forbes.com,2XL,PA,15205,5d88b030fc13ae0370000252
596,Marchelle,Bunton,F,72,mbuntongj@elegantthemes.com,2XL,DC,20226,5d88b030fc13ae0370000253
597,Janean,Yakubovich,F,51,jyakubovichgk@live.com,2XL,NY,11231,5d88b030fc13ae0370000254
598,Pennie,Nicholls,F,95,pnichollsgl@washingtonpost.com,XS,FL,34102,5d88b030fc13ae0370000255
599,Jens,Snowman,M,60,jsnowmangm@photobucket.com,2XL,OH,44710,5d88b030fc13ae0370000256
600,Jonathon,Vivians,M,42,jviviansgn@nhs.uk,S,GA,30311,5d88b030fc13ae0370000257
601,Bertie,MacDuff,M,69,bmacduffgo@surveymonkey.com,M,NY,10160,5d88b030fc13ae0370000258
602,Farr,Kiley,M,56,fkileygp@vinaora.com,S,NC,27717,5d88b030fc13ae0370000259
603,Rebeka,Gokes,F,99,rgokesgq@apache.org,M,IL,60435,5d88b030fc13ae037000025a
604,Rachele,Clarabut,F,97,rclarabutgr@qq.com,M,VA,22184,5d88b030fc13ae037000025b
605,Jarrett,Vinall,M,93,jvinallgs@vk.com,XL,TN,37235,5d88b030fc13ae037000025c
606,Phyllida,Silverman,F,26,psilvermangt@ed.gov,XL,NY,14609,5d88b030fc13ae037000025d
607,Myrilla,Walsh,F,20,mwalshgu@huffingtonpost.com,XL,MT,59105,5d88b030fc13ae037000025e
608,Ethelbert,Ickovitz,M,50,eickovitzgv@i2i.jp,XL,IN,46825,5d88b030fc13ae037000025f
609,Vevay,Sanday,F,86,vsandaygw@ovh.net,XL,MI,48126,5d88b030fc13ae0370000260
610,Norrie,Dickerline,F,96,ndickerlinegx@netscape.com,L,PA,15255,5d88b030fc13ae0370000261
611,Brannon,Stronack,M,81,bstronackgy@google.es,M,MN,55166,5d88b030fc13ae0370000262
612,Shoshanna,Iwanicki,F,20,siwanickigz@vinaora.com,XS,IL,60681,5d88b030fc13ae0370000263
613,Yank,Merrin,M,22,ymerrinh0@yale.edu,3XL,PA,18505,5d88b030fc13ae0370000264
614,Garik,Bailes,M,29,gbailesh1@ehow.com,XL,MO,63150,5d88b030fc13ae0370000265
615,Andromache,Jeckells,F,96,ajeckellsh2@t.co,S,DC,20244,5d88b030fc13ae0370000266
616,Carmelia,Szymaniak,F,17,cszymaniakh3@fda.gov,XL,IA,51110,5d88b030fc13ae0370000267
617,Bendix,Strand,M,29,bstrandh4@flickr.com,M,WA,99252,5d88b030fc13ae0370000268
618,Rogers,Arnal,M,28,rarnalh5@webnode.com,XS,TX,75367,5d88b030fc13ae0370000269
619,Jeanie,Curle,F,81,jcurleh6@economist.com,S,NY,10110,5d88b030fc13ae037000026a
620,Marietta,Hawtrey,M,32,mhawtreyh7@google.it,3XL,IA,52804,5d88b030fc13ae037000026b
621,Rosemary,Lavelle,F,34,rlavelleh8@indiegogo.com,3XL,IL,60652,5d88b030fc13ae037000026c
622,Helen,Erickssen,F,61,herickssenh9@nyu.edu,L,OK,73135,5d88b030fc13ae037000026d
623,Ward,Varrow,M,72,wvarrowha@clickbank.net,S,PA,17110,5d88b030fc13ae037000026e
624,Creight,Hort,M,53,chorthb@ow.ly,S,SC,29605,5d88b030fc13ae037000026f
625,Mariel,Waters,F,39,mwatershc@bloomberg.com,L,PA,19136,5d88b030fc13ae0370000270
626,Lucho,Filippello,M,26,lfilippellohd@eventbrite.com,3XL,CA,94159,5d88b030fc13ae0370000271
627,Eartha,Congrave,F,40,econgravehe@merriam-webster.com,S,NC,28278,5d88b030fc13ae0370000272
628,Tedman,Swannick,M,79,tswannickhf@chicagotribune.com,3XL,OH,44130,5d88b030fc13ae0370000273
629,Chrotoem,Hilary,M,75,chilaryhg@rediff.com,L,AZ,86305,5d88b030fc13ae0370000274
630,Nathaniel,Sharpous,M,43,nsharpoushh@guardian.co.uk,M,TN,38143,5d88b030fc13ae0370000275
631,Vaclav,St Angel,M,61,vstangelhi@free.fr,M,FL,32854,5d88b030fc13ae0370000276
632,Pedro,Bartlett,M,88,pbartletthj@wunderground.com,S,NE,68117,5d88b030fc13ae0370000277
633,Josephina,Cheesman,F,49,jcheesmanhk@last.fm,M,SC,29610,5d88b030fc13ae0370000278
634,Constancia,Prene,F,17,cprenehl@apple.com,2XL,TX,78405,5d88b030fc13ae0370000279
635,Marijo,Sutty,F,56,msuttyhm@time.com,M,CA,93407,5d88b030fc13ae037000027a
636,Hamid,Filer,M,56,hfilerhn@altervista.org,L,IN,47705,5d88b030fc13ae037000027b
637,Lorrie,Riddett,M,88,lriddettho@naver.com,M,GA,30610,5d88b030fc13ae037000027c
638,Port,Ivison,M,83,pivisonhp@soup.io,3XL,WI,53716,5d88b030fc13ae037000027d
639,Celene,Lorand,F,39,clorandhq@nsw.gov.au,3XL,PA,17605,5d88b030fc13ae037000027e
640,Jephthah,Gewer,M,96,jgewerhr@china.com.cn,S,MI,48609,5d88b030fc13ae037000027f
641,Josi,Loughlan,F,42,jloughlanhs@theglobeandmail.com,S,CA,90510,5d88b030fc13ae0370000280
642,Dodi,Shedden,F,85,dsheddenht@homestead.com,3XL,FL,33605,5d88b030fc13ae0370000281
643,Mace,Colliver,M,82,mcolliverhu@ifeng.com,XS,CA,94975,5d88b030fc13ae0370000282
644,Jon,Jensen,M,78,jjensenhv@nytimes.com,2XL,NY,12262,5d88b030fc13ae0370000283
645,Stesha,Gander,F,47,sganderhw@youku.com,L,TX,78205,5d88b030fc13ae0370000284
646,Ugo,Robet,M,85,urobethx@hibu.com,XS,SC,29215,5d88b030fc13ae0370000285
647,Chrotoem,Broggio,M,16,cbroggiohy@statcounter.com,S,WI,53785,5d88b030fc13ae0370000286
648,Karlik,Spain,M,15,kspainhz@de.vu,L,VA,23504,5d88b030fc13ae0370000287
649,Early,Mushart,M,53,emusharti0@foxnews.com,L,TX,77276,5d88b030fc13ae0370000288
650,Guthrey,Triner,M,16,gtrineri1@networkadvertising.org,3XL,CA,92612,5d88b030fc13ae0370000289
651,Rafaelita,Barkas,F,61,rbarkasi2@qq.com,M,NE,68110,5d88b030fc13ae037000028a
652,Reed,Koeppe,M,75,rkoeppei3@scientificamerican.com,XL,FL,32803,5d88b030fc13ae037000028b
653,Ly,Bagwell,M,67,lbagwelli4@sfgate.com,3XL,NH,03804,5d88b030fc13ae037000028c
654,Zed,Jachimiak,M,23,zjachimiaki5@jigsy.com,L,KS,66160,5d88b030fc13ae037000028d
655,Darleen,Lowdiane,F,32,dlowdianei6@hubpages.com,XL,NY,11447,5d88b030fc13ae037000028e
656,Betsy,Coupar,F,50,bcoupari7@ox.ac.uk,M,IN,47732,5d88b030fc13ae037000028f
657,Gnni,Dorricott,F,20,gdorricotti8@cafepress.com,M,AK,99517,5d88b030fc13ae0370000290
658,Jen,Redsull,F,91,jredsulli9@independent.co.uk,M,NY,14683,5d88b030fc13ae0370000291
659,Aleta,O' Connell,F,81,aoconnellia@springer.com,S,NC,28242,5d88b030fc13ae0370000292
660,Xavier,Szymczyk,M,43,xszymczykib@blogtalkradio.com,2XL,AZ,85025,5d88b030fc13ae0370000293
661,Quintin,Iddens,M,34,qiddensic@furl.net,2XL,DC,20591,5d88b030fc13ae0370000294
662,Oriana,Barhims,F,26,obarhimsid@dyndns.org,XS,FL,32859,5d88b030fc13ae0370000295
663,Sidnee,Sanderson,M,34,ssandersonie@cbsnews.com,XL,TX,76192,5d88b030fc13ae0370000296
664,Sharia,McCallum,F,94,smccallumif@networkadvertising.org,S,IA,50936,5d88b030fc13ae0370000297
665,Clay,Cluff,M,27,ccluffig@a8.net,M,MI,48107,5d88b030fc13ae0370000298
666,Addi,Kanter,F,43,akanterih@merriam-webster.com,S,CA,92186,5d88b030fc13ae0370000299
667,Anson,Harewood,M,18,aharewoodii@blogs.com,3XL,CA,90805,5d88b030fc13ae037000029a
668,Urson,Moreinis,M,56,umoreinisij@phoca.cz,2XL,TN,38119,5d88b030fc13ae037000029b
669,Tara,Eyckelbeck,F,68,teyckelbeckik@lycos.com,XS,TX,88584,5d88b030fc13ae037000029c
670,Kahaleel,Lamborne,M,19,klamborneil@about.com,S,LA,71307,5d88b030fc13ae037000029d
671,Janice,Huskisson,F,99,jhuskissonim@businesswire.com,M,CA,92170,5d88b030fc13ae037000029e
672,Edna,Wylam,F,55,ewylamin@utexas.edu,L,MT,59112,5d88b030fc13ae037000029f
673,Bjorn,Cregg,M,64,bcreggio@icq.com,XL,AL,35215,5d88b030fc13ae03700002a0
674,Arlene,Bentzen,F,60,abentzenip@friendfeed.com,M,FL,34135,5d88b030fc13ae03700002a1
675,Ronni,Ormonde,F,21,rormondeiq@ning.com,XS,LA,71105,5d88b030fc13ae03700002a2
676,Ole,Morit,M,68,omoritir@ihg.com,M,LA,71130,5d88b030fc13ae03700002a3
677,Brian,Brand,M,49,bbrandis@pen.io,XL,CA,93794,5d88b030fc13ae03700002a4
678,Jacintha,Rosencrantz,F,75,jrosencrantzit@soup.io,L,TX,77085,5d88b030fc13ae03700002a5
679,Baxie,Domleo,M,17,bdomleoiu@disqus.com,3XL,FL,33028,5d88b030fc13ae03700002a6
680,Mikol,Waddams,M,41,mwaddamsiv@illinois.edu,M,IL,62756,5d88b030fc13ae03700002a7
681,Ula,Blasiak,F,74,ublasiakiw@stumbleupon.com,XL,IN,46857,5d88b030fc13ae03700002a8
682,Minny,Eagland,F,43,meaglandix@dropbox.com,2XL,PA,18706,5d88b030fc13ae03700002a9
683,Berny,Persehouse,M,57,bpersehouseiy@goodreads.com,XL,MI,48092,5d88b030fc13ae03700002aa
684,Gabriello,Royal,M,84,groyaliz@npr.org,S,MD,20709,5d88b030fc13ae03700002ab
685,Jae,Kleynermans,M,64,jkleynermansj0@tuttocitta.it,XS,CA,94110,5d88b030fc13ae03700002ac
686,Isobel,Scutt,F,31,iscuttj1@joomla.org,S,MT,59105,5d88b030fc13ae03700002ad
687,Erroll,O'Crigane,M,64,eocriganej2@facebook.com,2XL,CA,91499,5d88b030fc13ae03700002ae
688,Read,Clendennen,M,55,rclendennenj3@tmall.com,L,IL,62525,5d88b030fc13ae03700002af
689,Ellary,Penberthy,M,41,epenberthyj4@1688.com,S,KS,67215,5d88b030fc13ae03700002b0
690,Vittorio,Poleykett,M,80,vpoleykettj5@addthis.com,3XL,CO,80910,5d88b030fc13ae03700002b1
691,Rolland,Lynde,M,39,rlyndej6@zdnet.com,XS,SC,29579,5d88b030fc13ae03700002b2
692,Bartolemo,Ilyunin,M,27,bilyuninj7@newyorker.com,L,FL,33142,5d88b030fc13ae03700002b3
693,Demeter,Bosomworth,F,85,dbosomworthj8@ed.gov,2XL,WA,98133,5d88b030fc13ae03700002b4
694,Haze,Hartman,M,96,hhartmanj9@blogger.com,M,TX,75246,5d88b030fc13ae03700002b5
695,Freeland,Faldo,M,31,ffaldoja@vk.com,S,WA,98158,5d88b030fc13ae03700002b6
696,Jacquette,Bezants,F,29,jbezantsjb@behance.net,M,OH,45440,5d88b030fc13ae03700002b7
697,Cullan,Pittle,M,40,cpittlejc@rediff.com,XS,MN,55417,5d88b030fc13ae03700002b8
698,Clarinda,Stolworthy,F,41,cstolworthyjd@senate.gov,XS,MN,55123,5d88b030fc13ae03700002b9
699,Cam,McKeney,M,70,cmckeneyje@si.edu,3XL,WA,98687,5d88b030fc13ae03700002ba
700,Millie,Dunkerton,F,45,mdunkertonjf@sourceforge.net,M,GA,30066,5d88b030fc13ae03700002bb
701,Leonore,Gadman,F,67,lgadmanjg@timesonline.co.uk,3XL,MI,49006,5d88b030fc13ae03700002bc
702,Bogey,Dorrance,M,42,bdorrancejh@multiply.com,XL,GA,30245,5d88b030fc13ae03700002bd
703,Sammie,Brookbank,M,90,sbrookbankji@amazon.co.uk,XL,TN,37215,5d88b030fc13ae03700002be
704,Nadine,Byfield,F,61,nbyfieldjj@artisteer.com,M,OK,73157,5d88b030fc13ae03700002bf
705,Elisha,Duffer,F,37,edufferjk@quantcast.com,XL,DC,20260,5d88b030fc13ae03700002c0
706,Trace,Spedroni,M,82,tspedronijl@wufoo.com,3XL,CA,90060,5d88b030fc13ae03700002c1
707,Web,Bagnal,M,41,wbagnaljm@prweb.com,L,NV,89087,5d88b030fc13ae03700002c2
708,Meggie,Briatt,F,73,mbriattjn@github.io,2XL,OH,45223,5d88b030fc13ae03700002c3
709,Maisey,Josipovitz,F,84,mjosipovitzjo@bravesites.com,3XL,NC,28256,5d88b030fc13ae03700002c4
710,Reed,Gear,M,57,rgearjp@noaa.gov,XS,DC,20299,5d88b030fc13ae03700002c5
711,Tommie,Benoey,M,62,tbenoeyjq@netvibes.com,XL,OK,73197,5d88b030fc13ae03700002c6
712,Lewes,Malenfant,M,77,lmalenfantjr@jalbum.net,3XL,NC,27455,5d88b030fc13ae03700002c7
713,Lori,Steuart,F,81,lsteuartjs@wix.com,L,MN,55103,5d88b030fc13ae03700002c8
714,Stan,Palleske,M,71,spalleskejt@answers.com,M,MA,02162,5d88b030fc13ae03700002c9
715,Jaime,Ritson,M,89,jritsonju@multiply.com,S,CA,92867,5d88b030fc13ae03700002ca
716,Vic,Nason,M,67,vnasonjv@ucsd.edu,XL,TX,76110,5d88b030fc13ae03700002cb
717,Vallie,Burgisi,F,57,vburgisijw@godaddy.com,XS,FL,33884,5d88b030fc13ae03700002cc
718,Phillip,Dyment,M,95,pdymentjx@goo.gl,XS,NY,10275,5d88b030fc13ae03700002cd
719,Ludovika,Claibourn,F,76,lclaibournjy@soup.io,3XL,DC,20551,5d88b030fc13ae03700002ce
720,Cly,Weitzel,M,79,cweitzeljz@360.cn,S,WA,98195,5d88b030fc13ae03700002cf
721,Haley,Morrid,M,75,hmorridk0@china.com.cn,M,CO,80915,5d88b030fc13ae03700002d0
722,Darwin,Vynall,M,55,dvynallk1@uiuc.edu,S,NC,28278,5d88b030fc13ae03700002d1
723,Edgar,Delue,M,62,edeluek2@dot.gov,S,CA,90510,5d88b030fc13ae03700002d2
724,Elfrida,Brocks,F,40,ebrocksk3@storify.com,M,NC,28210,5d88b030fc13ae03700002d3
725,Cody,Harmeston,M,33,charmestonk4@hatena.ne.jp,S,FL,33715,5d88b030fc13ae03700002d4
726,Elbertine,Hull,F,16,ehullk5@cdc.gov,L,CA,94207,5d88b030fc13ae03700002d5
727,Courtenay,Matchitt,F,69,cmatchittk6@bing.com,XS,CO,80127,5d88b030fc13ae03700002d6
728,Lucinda,Classen,F,66,lclassenk7@ustream.tv,2XL,PA,19141,5d88b030fc13ae03700002d7
729,Ikey,Padilla,M,69,ipadillak8@jigsy.com,XS,TN,38104,5d88b030fc13ae03700002d8
730,Ferrel,Codman,M,81,fcodmank9@earthlink.net,XS,NY,10292,5d88b030fc13ae03700002d9
731,Libbie,Matura,F,40,lmaturaka@4shared.com,M,CO,80930,5d88b030fc13ae03700002da
732,Kathi,Cashin,F,46,kcashinkb@mozilla.com,3XL,CA,92612,5d88b030fc13ae03700002db
733,Chris,Bumfrey,M,15,cbumfreykc@miitbeian.gov.cn,2XL,VA,23228,5d88b030fc13ae03700002dc
734,Trudey,Syversen,F,34,tsyversenkd@tiny.cc,L,MA,02305,5d88b030fc13ae03700002dd
735,Janetta,Dallaway,F,94,jdallawayke@quantcast.com,S,DC,20397,5d88b030fc13ae03700002de
736,Kiley,Reaman,M,44,kreamankf@google.co.jp,XL,OH,44118,5d88b030fc13ae03700002df
737,Whitney,Guirardin,M,16,wguirardinkg@youtu.be,M,OH,45454,5d88b030fc13ae03700002e0
738,Eddie,Sunners,M,78,esunnerskh@blog.com,L,MA,01905,5d88b030fc13ae03700002e1
739,Bent,Wassung,M,58,bwassungki@drupal.org,L,PA,17140,5d88b030fc13ae03700002e2
740,Dniren,Copcote,F,18,dcopcotekj@mail.ru,M,LA,70883,5d88b030fc13ae03700002e3
741,Baldwin,Ridoutt,M,88,bridouttkk@skype.com,XL,WI,53790,5d88b030fc13ae03700002e4
742,Maximo,De Roeck,M,91,mderoeckkl@ihg.com,2XL,TN,37215,5d88b030fc13ae03700002e5
743,Loleta,Cowerd,F,26,lcowerdkm@livejournal.com,XL,NY,13217,5d88b030fc13ae03700002e6
744,Adelina,Walding,F,16,awaldingkn@abc.net.au,L,CA,91499,5d88b030fc13ae03700002e7
745,Rhody,Stockman,F,54,rstockmanko@hubpages.com,S,CA,94089,5d88b030fc13ae03700002e8
746,Harley,Izatt,M,78,hizattkp@chicagotribune.com,XL,FL,33325,5d88b030fc13ae03700002e9
747,Rahal,Marrian,F,57,rmarriankq@quantcast.com,XL,VA,23285,5d88b030fc13ae03700002ea
748,Cris,Faragan,M,63,cfaragankr@cnn.com,XS,FL,33245,5d88b030fc13ae03700002eb
749,Doy,Pretley,M,66,dpretleyks@hhs.gov,XS,MS,39534,5d88b030fc13ae03700002ec
750,Missy,Duffil,F,84,mduffilkt@xrea.com,M,NC,27690,5d88b030fc13ae03700002ed
751,Wakefield,Haggerstone,M,41,whaggerstoneku@cdc.gov,S,TX,79994,5d88b030fc13ae03700002ee
752,Mateo,Ruslin,M,73,mruslinkv@barnesandnoble.com,3XL,NV,89074,5d88b030fc13ae03700002ef
753,Shannon,Hullin,M,29,shullinkw@geocities.jp,M,AL,36104,5d88b030fc13ae03700002f0
754,Shelly,Johnikin,F,85,sjohnikinkx@google.com.au,XS,OH,45454,5d88b030fc13ae03700002f1
755,Ferrel,Yoslowitz,M,25,fyoslowitzky@mayoclinic.com,XL,CA,92105,5d88b030fc13ae03700002f2
756,Sabine,Raistrick,F,56,sraistrickkz@craigslist.org,2XL,AL,36119,5d88b030fc13ae03700002f3
757,Courtney,Raynard,F,79,craynardl0@moonfruit.com,L,KS,66215,5d88b030fc13ae03700002f4
758,Uriah,Nutt,M,18,unuttl1@cnn.com,XS,AR,72204,5d88b030fc13ae03700002f5
759,Tommie,Sprules,M,16,tsprulesl2@shop-pro.jp,XS,AK,99790,5d88b030fc13ae03700002f6
760,Baillie,Malafe,M,77,bmalafel3@gmpg.org,3XL,GA,31196,5d88b030fc13ae03700002f7
761,Chrystel,Ors,F,35,corsl4@ocn.ne.jp,2XL,CA,90055,5d88b030fc13ae03700002f8
762,Allie,Artus,M,82,aartusl5@yahoo.com,2XL,VA,24515,5d88b030fc13ae03700002f9
763,Nev,Aim,M,28,naiml6@dyndns.org,XS,AZ,85062,5d88b030fc13ae03700002fa
764,Maure,Harverson,F,54,mharversonl7@utexas.edu,L,NV,89150,5d88b030fc13ae03700002fb
765,Paulie,Stickels,M,49,pstickelsl8@twitpic.com,M,MO,63143,5d88b030fc13ae03700002fc
766,Doroteya,Sealand,F,83,dsealandl9@answers.com,XS,AL,35810,5d88b030fc13ae03700002fd
767,Tatum,Leipnik,F,54,tleipnikla@patch.com,2XL,FL,32891,5d88b030fc13ae03700002fe
768,Romain,McGriffin,M,51,rmcgriffinlb@taobao.com,M,NY,12242,5d88b030fc13ae03700002ff
769,Tirrell,Morkham,M,21,tmorkhamlc@ibm.com,2XL,WI,53225,5d88b030fc13ae0370000300
770,Raddy,Greated,M,84,rgreatedld@apple.com,XS,MN,55428,5d88b030fc13ae0370000301
771,Daryle,Peddowe,M,80,dpeddowele@patch.com,XL,SD,57110,5d88b030fc13ae0370000302
772,Dulci,Hember,F,30,dhemberlf@engadget.com,L,VA,20195,5d88b030fc13ae0370000303
773,Camellia,Sirette,F,21,csirettelg@wordpress.org,XL,LA,71161,5d88b030fc13ae0370000304
774,Dorey,Mourgue,M,47,dmourguelh@dell.com,XS,PA,19196,5d88b030fc13ae0370000305
775,Hakeem,Durtnal,M,88,hdurtnalli@nbcnews.com,XL,CA,92619,5d88b030fc13ae0370000306
776,Gregor,Damerell,M,21,gdamerelllj@uol.com.br,M,TX,78703,5d88b030fc13ae0370000307
777,Remus,Bryden,M,71,rbrydenlk@bbc.co.uk,2XL,IN,46266,5d88b030fc13ae0370000308
778,Alvinia,Colleer,F,71,acolleerll@howstuffworks.com,XS,SC,29240,5d88b030fc13ae0370000309
779,Iona,Spreag,F,26,ispreaglm@surveymonkey.com,XS,MA,02216,5d88b030fc13ae037000030a
780,Nicolas,Blowfield,M,40,nblowfieldln@huffingtonpost.com,S,IL,60686,5d88b030fc13ae037000030b
781,Sharia,Waddoups,F,48,swaddoupslo@amazon.co.jp,S,OH,44111,5d88b030fc13ae037000030c
782,Rivy,Claiden,F,28,rclaidenlp@huffingtonpost.com,XS,CT,06152,5d88b030fc13ae037000030d
783,Waldo,Beminster,M,36,wbeminsterlq@wordpress.com,XS,ND,58122,5d88b030fc13ae037000030e
784,Linc,Gamage,M,97,lgamagelr@canalblog.com,2XL,NY,11205,5d88b030fc13ae037000030f
785,Charley,Petti,M,29,cpettils@feedburner.com,2XL,PA,19178,5d88b030fc13ae0370000310
786,Martynne,Sussex,F,35,msussexlt@dell.com,2XL,DC,20508,5d88b030fc13ae0370000311
787,Madelon,Kennealy,F,68,mkennealylu@acquirethisname.com,2XL,CA,93311,5d88b030fc13ae0370000312
788,Claresta,Haye,F,51,chayelv@wisc.edu,L,AZ,85383,5d88b030fc13ae0370000313
789,Meg,Randals,F,53,mrandalslw@answers.com,S,IL,62718,5d88b030fc13ae0370000314
790,Patrizia,Moreby,F,66,pmorebylx@blogtalkradio.com,S,MO,64130,5d88b030fc13ae0370000315
791,Karlie,Moens,F,94,kmoensly@si.edu,L,GA,31132,5d88b030fc13ae0370000316
792,Gabi,Stachini,F,98,gstachinilz@typepad.com,2XL,MA,02745,5d88b030fc13ae0370000317
793,Tommie,Kenlin,M,15,tkenlinm0@chron.com,XS,NV,89706,5d88b030fc13ae0370000318
794,Silvester,Mattin,M,21,smattinm1@aol.com,M,VA,23293,5d88b030fc13ae0370000319
795,Collette,Kachel,F,96,ckachelm2@imdb.com,L,CO,80935,5d88b030fc13ae037000031a
796,Reggy,Cudihy,M,84,rcudihym3@issuu.com,2XL,GA,30130,5d88b030fc13ae037000031b
797,Misty,Hallford,F,20,mhallfordm4@hhs.gov,L,NC,28256,5d88b030fc13ae037000031c
798,Hy,Harkess,M,82,hharkessm5@altervista.org,L,TX,75185,5d88b030fc13ae037000031d
799,Adi,Greeding,F,18,agreedingm6@nationalgeographic.com,XL,TX,76011,5d88b030fc13ae037000031e
800,Anetta,Nesbeth,F,69,anesbethm7@craigslist.org,M,NY,10155,5d88b030fc13ae037000031f
801,Antonetta,Piquard,F,38,apiquardm8@prnewswire.com,XS,VA,23272,5d88b030fc13ae0370000320
802,Marga,Klus,F,45,mklusm9@gnu.org,3XL,CA,91210,5d88b030fc13ae0370000321
803,Eduino,Hallbird,M,48,ehallbirdma@nyu.edu,M,WV,25775,5d88b030fc13ae0370000322
804,Darwin,Glew,M,27,dglewmb@edublogs.org,M,NY,10105,5d88b030fc13ae0370000323
805,Sigismond,Santus,M,43,ssantusmc@infoseek.co.jp,S,DC,20380,5d88b030fc13ae0370000324
806,Benedicto,Gee,M,92,bgeemd@va.gov,XL,TX,77245,5d88b030fc13ae0370000325
807,Ami,Mc Caughan,F,76,amccaughanme@time.com,S,NY,10039,5d88b030fc13ae0370000326
808,Gun,Morritt,M,89,gmorrittmf@shinystat.com,2XL,TX,75216,5d88b030fc13ae0370000327
809,Tabb,Stoving,M,37,tstovingmg@admin.ch,2XL,FL,32230,5d88b030fc13ae0370000328
810,Kerr,Wyett,M,53,kwyettmh@ucsd.edu,3XL,LA,71307,5d88b030fc13ae0370000329
811,Milt,Abotson,M,64,mabotsonmi@e-recht24.de,2XL,CA,90189,5d88b030fc13ae037000032a
812,Marj,Cracknall,F,71,mcracknallmj@phpbb.com,3XL,TX,78726,5d88b030fc13ae037000032b
813,Nevins,Dowle,M,75,ndowlemk@un.org,XL,AZ,85205,5d88b030fc13ae037000032c
814,Hatti,Papen,F,56,hpapenml@fema.gov,3XL,TX,78737,5d88b030fc13ae037000032d
815,Brett,Mellers,M,82,bmellersmm@upenn.edu,XL,TX,78721,5d88b030fc13ae037000032e
816,Nadeen,Errichiello,F,56,nerrichiellomn@paypal.com,M,KY,40298,5d88b030fc13ae037000032f
817,Eli,Fullstone,M,97,efullstonemo@unicef.org,L,AZ,86305,5d88b030fc13ae0370000330
818,Rickard,Healing,M,58,rhealingmp@eventbrite.com,L,MI,49510,5d88b030fc13ae0370000331
819,Chuck,Gowans,M,18,cgowansmq@cdbaby.com,S,AL,36622,5d88b030fc13ae0370000332
820,Dale,Firby,F,50,dfirbymr@barnesandnoble.com,L,TX,77844,5d88b030fc13ae0370000333
821,Worth,Kenlin,M,62,wkenlinms@printfriendly.com,XS,IL,60681,5d88b030fc13ae0370000334
822,Abelard,Wychard,M,39,awychardmt@reuters.com,2XL,CA,92619,5d88b030fc13ae0370000335
823,Chelsy,Laban,F,74,clabanmu@cdbaby.com,L,VA,23220,5d88b030fc13ae0370000336
824,Noble,Lloyd,M,51,nlloydmv@fastcompany.com,XL,NY,10115,5d88b030fc13ae0370000337
825,Franciskus,Hambright,M,47,fhambrightmw@woothemes.com,XS,NY,13205,5d88b030fc13ae0370000338
826,Marybeth,Bleier,F,92,mbleiermx@pagesperso-orange.fr,3XL,PA,15906,5d88b030fc13ae0370000339
827,Ciel,Buckby,F,77,cbuckbymy@latimes.com,M,NY,10045,5d88b030fc13ae037000033a
828,Toma,Noble,F,87,tnoblemz@archive.org,M,NY,11220,5d88b030fc13ae037000033b
829,Carey,Bednall,F,87,cbednalln0@so-net.ne.jp,S,WA,98158,5d88b030fc13ae037000033c
830,Blythe,Tailour,F,54,btailourn1@artisteer.com,XL,MI,49444,5d88b030fc13ae037000033d
831,Gusty,Boseley,F,31,gboseleyn2@cloudflare.com,L,CT,06140,5d88b030fc13ae037000033e
832,Gardy,Jenk,M,45,gjenkn3@guardian.co.uk,M,FL,33694,5d88b030fc13ae037000033f
833,Gearalt,Grief,M,43,ggriefn4@blogger.com,L,CA,93773,5d88b030fc13ae0370000340
834,Bebe,Worsfield,F,58,bworsfieldn5@mapquest.com,2XL,CA,93704,5d88b030fc13ae0370000341
835,Clayborn,Orbell,M,78,corbelln6@photobucket.com,M,SC,29203,5d88b030fc13ae0370000342
836,Ced,Fawdrey,M,26,cfawdreyn7@ustream.tv,M,TN,37939,5d88b030fc13ae0370000343
837,Hasheem,Sadat,M,72,hsadatn8@w3.org,L,FL,34290,5d88b030fc13ae0370000344
838,Jo,Tallyn,F,79,jtallynn9@php.net,XS,TX,78703,5d88b030fc13ae0370000345
839,Pieter,Farquarson,M,93,pfarquarsonna@last.fm,XL,TX,79977,5d88b030fc13ae0370000346
840,Norby,Sanderson,M,99,nsandersonnb@bbb.org,M,MN,55423,5d88b030fc13ae0370000347
841,Sal,Wieprecht,M,35,swieprechtnc@wiley.com,M,SC,29605,5d88b030fc13ae0370000348
842,Fayette,Jamieson,F,97,fjamiesonnd@house.gov,S,NJ,08603,5d88b030fc13ae0370000349
843,Bartel,Smullin,M,49,bsmullinne@ted.com,S,FL,33543,5d88b030fc13ae037000034a
844,Cletis,Flippelli,M,67,cflippellinf@seesaa.net,XL,NY,10131,5d88b030fc13ae037000034b
845,Brod,Sigart,M,15,bsigartng@tmall.com,XS,PA,19151,5d88b030fc13ae037000034c
846,Lawton,Muncer,M,52,lmuncernh@sourceforge.net,L,MI,48275,5d88b030fc13ae037000034d
847,Giavani,Caudell,M,90,gcaudellni@tripod.com,3XL,MO,65211,5d88b030fc13ae037000034e
848,William,Kindall,M,74,wkindallnj@telegraph.co.uk,XS,NY,10034,5d88b030fc13ae037000034f
849,Burgess,Littledyke,M,79,blittledykenk@wordpress.com,L,WA,98175,5d88b030fc13ae0370000350
850,Shaughn,McAline,M,15,smcalinenl@opensource.org,XS,FL,33153,5d88b030fc13ae0370000351
851,Wilek,Lipmann,M,44,wlipmannnm@virginia.edu,2XL,FL,32885,5d88b030fc13ae0370000352
852,Avrit,MacGraith,F,82,amacgraithnn@privacy.gov.au,2XL,NC,28220,5d88b030fc13ae0370000353
853,Clemens,Gunda,M,74,cgundano@hugedomains.com,XS,CO,80935,5d88b030fc13ae0370000354
854,Wilton,Bulley,M,48,wbulleynp@naver.com,S,GA,30610,5d88b030fc13ae0370000355
855,Eugene,Bottjer,M,22,ebottjernq@ucla.edu,L,CO,80279,5d88b030fc13ae0370000356
856,Tedie,Bergeon,M,78,tbergeonnr@wired.com,S,CO,81010,5d88b030fc13ae0370000357
857,Craggy,Le Provost,M,98,cleprovostns@shareasale.com,M,AZ,85311,5d88b030fc13ae0370000358
858,Janenna,Dorrance,F,67,jdorrancent@hhs.gov,M,VA,24048,5d88b030fc13ae0370000359
859,Rozalie,Benard,F,32,rbenardnu@ycombinator.com,XL,MN,55108,5d88b030fc13ae037000035a
860,Prentiss,enzley,M,60,penzleynv@columbia.edu,2XL,DC,20005,5d88b030fc13ae037000035b
861,Axe,Dabrowski,M,39,adabrowskinw@shutterfly.com,S,FL,33915,5d88b030fc13ae037000035c
862,Agna,Karlicek,F,36,akarliceknx@newsvine.com,S,MN,55905,5d88b030fc13ae037000035d
863,Blinny,Budden,F,50,bbuddenny@apache.org,2XL,MN,55423,5d88b030fc13ae037000035e
864,Pancho,Greiser,M,53,pgreisernz@linkedin.com,3XL,KY,40524,5d88b030fc13ae037000035f
865,Loren,Cootes,M,78,lcooteso0@dyndns.org,XS,TX,79410,5d88b030fc13ae0370000360
866,Romola,Puddan,F,16,rpuddano1@eventbrite.com,S,FL,33715,5d88b030fc13ae0370000361
867,Nicky,Brouard,F,98,nbrouardo2@sohu.com,3XL,MA,02163,5d88b030fc13ae0370000362
868,Gayelord,Robus,M,54,grobuso3@icio.us,L,NE,68134,5d88b030fc13ae0370000363
869,Vin,Marjanovic,F,26,vmarjanovico4@constantcontact.com,L,AZ,85705,5d88b030fc13ae0370000364
870,Pyotr,Lofty,M,94,ploftyo5@eepurl.com,M,MO,63180,5d88b030fc13ae0370000365
871,Marga,Thornham,F,23,mthornhamo6@facebook.com,3XL,DC,20557,5d88b030fc13ae0370000366
872,Everett,Tennet,M,99,etenneto7@gizmodo.com,L,NY,11854,5d88b030fc13ae0370000367
873,Aluino,Enriquez,M,48,aenriquezo8@canalblog.com,XS,VA,23504,5d88b030fc13ae0370000368
874,Maurita,Rochelle,F,98,mrochelleo9@biblegateway.com,M,MD,21211,5d88b030fc13ae0370000369
875,Katine,Kulvear,F,29,kkulvearoa@ning.com,M,TX,88541,5d88b030fc13ae037000036a
876,Alfons,Keely,M,75,akeelyob@upenn.edu,3XL,MI,48076,5d88b030fc13ae037000036b
877,Woody,Hammerberg,M,39,whammerbergoc@mayoclinic.com,L,VA,24020,5d88b030fc13ae037000036c
878,Marco,Aharoni,M,24,maharoniod@independent.co.uk,XL,CT,06160,5d88b031fc13ae037000036d
879,Linnet,Hatherall,F,34,lhatheralloe@state.gov,2XL,NY,10110,5d88b031fc13ae037000036e
880,Kelly,Beaven,F,26,kbeavenof@ow.ly,XS,IN,46247,5d88b031fc13ae037000036f
881,Maximilien,Mealham,M,90,mmealhamog@wikia.com,2XL,NM,87115,5d88b031fc13ae0370000370
882,Laureen,Hartmann,F,48,lhartmannoh@cdc.gov,2XL,CA,92725,5d88b031fc13ae0370000371
883,Hedy,Spere,F,56,hspereoi@topsy.com,XL,CA,92862,5d88b031fc13ae0370000372
884,Nerte,Bauman,F,27,nbaumanoj@columbia.edu,M,TX,77346,5d88b031fc13ae0370000373
885,Orelle,Urwin,F,84,ourwinok@nature.com,XL,TX,75210,5d88b031fc13ae0370000374
886,Rosemaria,Filgate,F,76,rfilgateol@bizjournals.com,2XL,LA,70616,5d88b031fc13ae0370000375
887,Nessa,McCarney,F,46,nmccarneyom@disqus.com,2XL,OH,44710,5d88b031fc13ae0370000376
888,Malissia,O'Hannigan,F,56,mohanniganon@reuters.com,L,IN,47306,5d88b031fc13ae0370000377
889,Stephine,Cerie,F,90,scerieoo@google.com.hk,M,NY,10029,5d88b031fc13ae0370000378
890,Astrid,Hulle,F,76,ahulleop@jimdo.com,3XL,FL,33013,5d88b031fc13ae0370000379
891,Vina,Arntzen,F,91,varntzenoq@go.com,M,TN,38114,5d88b031fc13ae037000037a
892,Etty,Pettengell,F,52,epettengellor@census.gov,M,FL,32092,5d88b031fc13ae037000037b
893,Alexine,Samarth,F,66,asamarthos@mapquest.com,3XL,FL,33913,5d88b031fc13ae037000037c
894,Ermengarde,Slaight,F,72,eslaightot@nymag.com,2XL,TN,37931,5d88b031fc13ae037000037d
895,Rickie,Atling,M,90,ratlingou@hatena.ne.jp,L,IN,46857,5d88b031fc13ae037000037e
896,Tammara,Janos,F,56,tjanosov@sogou.com,XL,AL,36670,5d88b031fc13ae037000037f
897,Jody,Freeland,F,46,jfreelandow@independent.co.uk,XS,MI,48275,5d88b031fc13ae0370000380
898,Louie,Tavernor,M,56,ltavernorox@ted.com,XS,TX,78220,5d88b031fc13ae0370000381
899,Ilaire,Ellen,M,71,iellenoy@ox.ac.uk,3XL,MD,21265,5d88b031fc13ae0370000382
900,Olivie,Dallon,F,22,odallonoz@1688.com,3XL,CA,95354,5d88b031fc13ae0370000383
901,Nolana,Gilyott,F,15,ngilyottp0@hao123.com,L,TN,37235,5d88b031fc13ae0370000384
902,Dorene,Heymes,F,33,dheymesp1@creativecommons.org,3XL,OK,73197,5d88b031fc13ae0370000385
903,Giffie,Arlt,M,42,garltp2@usatoday.com,2XL,TX,79159,5d88b031fc13ae0370000386
904,Arman,McIlvaney,M,41,amcilvaneyp3@walmart.com,3XL,ND,58207,5d88b031fc13ae0370000387
905,Lucais,Sesons,M,59,lsesonsp4@utexas.edu,L,TX,75044,5d88b031fc13ae0370000388
906,Hakim,Guinan,M,82,hguinanp5@state.tx.us,L,GA,30343,5d88b031fc13ae0370000389
907,Duffy,Attenbrough,M,32,dattenbroughp6@ovh.net,2XL,TX,77075,5d88b031fc13ae037000038a
908,Timofei,Fellis,M,46,tfellisp7@youku.com,S,HI,96845,5d88b031fc13ae037000038b
909,Cesar,Wiffield,M,93,cwiffieldp8@washington.edu,M,OH,44130,5d88b031fc13ae037000038c
910,Drake,Leadley,M,72,dleadleyp9@nps.gov,2XL,IL,61110,5d88b031fc13ae037000038d
911,Cammi,Bouda,F,96,cboudapa@privacy.gov.au,XL,NV,89125,5d88b031fc13ae037000038e
912,Kippy,Weddup,M,38,kwedduppb@state.tx.us,L,UT,84105,5d88b031fc13ae037000038f
913,Newton,De Bernardis,M,40,ndebernardispc@discuz.net,2XL,NC,28225,5d88b031fc13ae0370000390
914,Lon,Leith,M,49,lleithpd@ocn.ne.jp,2XL,NM,87592,5d88b031fc13ae0370000391
915,Mordy,Doggrell,M,93,mdoggrellpe@imdb.com,M,VA,22093,5d88b031fc13ae0370000392
916,Homer,Janikowski,M,38,hjanikowskipf@gnu.org,3XL,GA,31704,5d88b031fc13ae0370000393
917,Haley,Airth,M,48,hairthpg@jiathis.com,2XL,TX,75287,5d88b031fc13ae0370000394
918,Sansone,Bettinson,M,20,sbettinsonph@ebay.co.uk,M,TX,76004,5d88b031fc13ae0370000395
919,Courtenay,Halton,F,58,chaltonpi@purevolume.com,S,NV,89110,5d88b031fc13ae0370000396
920,Anthea,Haldenby,F,77,ahaldenbypj@amazonaws.com,L,UT,84403,5d88b031fc13ae0370000397
921,Willy,Brotheridge,M,94,wbrotheridgepk@acquirethisname.com,3XL,AL,35205,5d88b031fc13ae0370000398
922,Alan,Southcombe,M,91,asouthcombepl@amazon.com,S,NY,10260,5d88b031fc13ae0370000399
923,Seumas,Duffil,M,85,sduffilpm@ox.ac.uk,2XL,MN,55905,5d88b031fc13ae037000039a
924,Gilbertina,McKeller,F,55,gmckellerpn@usa.gov,XS,TX,77305,5d88b031fc13ae037000039b
925,Gordan,Tunniclisse,M,50,gtunniclissepo@a8.net,XL,KS,66642,5d88b031fc13ae037000039c
926,Tiphany,Jelf,F,37,tjelfpp@state.tx.us,M,WI,53710,5d88b031fc13ae037000039d
927,Charlotta,Lukesch,F,25,clukeschpq@salon.com,XS,KY,40510,5d88b031fc13ae037000039e
928,Morty,Drains,M,77,mdrainspr@taobao.com,XL,AZ,85219,5d88b031fc13ae037000039f
929,Isaak,Whittlesee,M,51,iwhittleseeps@wsj.com,3XL,TX,79710,5d88b031fc13ae03700003a0
930,Casar,Tookey,M,71,ctookeypt@oakley.com,L,TX,77045,5d88b031fc13ae03700003a1
931,Jolyn,Theml,F,30,jthemlpu@gnu.org,2XL,NC,27690,5d88b031fc13ae03700003a2
932,Elia,Vassar,M,95,evassarpv@google.ru,3XL,PA,19184,5d88b031fc13ae03700003a3
933,Arvy,Ruffey,M,65,aruffeypw@cdc.gov,M,MO,64187,5d88b031fc13ae03700003a4
934,Iolande,Scurman,F,27,iscurmanpx@amazonaws.com,XL,OR,97306,5d88b031fc13ae03700003a5
935,Melania,Rampage,F,54,mrampagepy@cafepress.com,XS,FL,32209,5d88b031fc13ae03700003a6
936,Morganica,Gretton,F,28,mgrettonpz@twitter.com,2XL,TX,78783,5d88b031fc13ae03700003a7
937,Jake,Burkill,M,16,jburkillq0@fastcompany.com,XL,FL,34629,5d88b031fc13ae03700003a8
938,Jacquenette,Llewellen,F,46,jllewellenq1@globo.com,2XL,TX,88519,5d88b031fc13ae03700003a9
939,Trumaine,Younger,M,49,tyoungerq2@apache.org,3XL,OR,97221,5d88b031fc13ae03700003aa
940,Garek,Brolechan,M,78,gbrolechanq3@about.com,2XL,SC,29220,5d88b031fc13ae03700003ab
941,Griffith,Watton,M,44,gwattonq4@blinklist.com,XS,OH,45218,5d88b031fc13ae03700003ac
942,Darryl,Donnachie,F,70,ddonnachieq5@yandex.ru,S,NE,68144,5d88b031fc13ae03700003ad
943,Terrie,Gogie,F,43,tgogieq6@sourceforge.net,2XL,OH,44111,5d88b031fc13ae03700003ae
944,Mela,Sargant,F,73,msargantq7@time.com,M,OH,44185,5d88b031fc13ae03700003af
945,Mil,Baltzar,F,49,mbaltzarq8@vk.com,S,IL,62794,5d88b031fc13ae03700003b0
946,Zoe,Ovenell,F,45,zovenellq9@t.co,L,VA,23228,5d88b031fc13ae03700003b1
947,Bastien,MacGiolla,M,49,bmacgiollaqa@wp.com,L,NY,13205,5d88b031fc13ae03700003b2
948,Estrellita,Wafer,F,19,ewaferqb@blogger.com,3XL,IA,51110,5d88b031fc13ae03700003b3
949,Katine,Scoggan,F,99,kscogganqc@netvibes.com,L,MO,64109,5d88b031fc13ae03700003b4
950,Maxy,Deedes,F,32,mdeedesqd@goodreads.com,L,SC,29203,5d88b031fc13ae03700003b5
951,Mildred,Brazelton,F,51,mbrazeltonqe@shutterfly.com,L,TX,75049,5d88b031fc13ae03700003b6
952,Allistir,Crighten,M,85,acrightenqf@instagram.com,L,TX,79984,5d88b031fc13ae03700003b7
953,Norina,Halligan,F,54,nhalliganqg@acquirethisname.com,XL,OH,44393,5d88b031fc13ae03700003b8
954,Trace,Crayke,M,78,tcraykeqh@last.fm,XL,NC,27658,5d88b031fc13ae03700003b9
955,Breanne,Griggs,F,94,bgriggsqi@forbes.com,XL,VA,22156,5d88b031fc13ae03700003ba
956,Anson,Joubert,M,31,ajoubertqj@illinois.edu,2XL,IN,46620,5d88b031fc13ae03700003bb
957,Tasha,Brosenius,F,87,tbroseniusqk@wordpress.com,2XL,ND,58505,5d88b031fc13ae03700003bc
958,Helenka,Duckinfield,F,26,hduckinfieldql@tinypic.com,M,FL,32277,5d88b031fc13ae03700003bd
959,Evin,Clausen-Thue,M,76,eclausenthueqm@php.net,2XL,KY,40586,5d88b031fc13ae03700003be
960,Estrellita,Merida,F,17,emeridaqn@amazon.co.jp,L,GA,31210,5d88b031fc13ae03700003bf
961,Gussy,Pyser,F,19,gpyserqo@skype.com,2XL,HI,96825,5d88b031fc13ae03700003c0
962,Elton,Clouter,M,89,eclouterqp@dailymotion.com,XL,MI,49510,5d88b031fc13ae03700003c1
963,Kiel,Forgan,M,96,kforganqq@blogspot.com,3XL,CA,93762,5d88b031fc13ae03700003c2
964,Cyrille,Rogan,M,88,croganqr@so-net.ne.jp,3XL,VA,23289,5d88b031fc13ae03700003c3
965,Nikoletta,Pounds,F,43,npoundsqs@irs.gov,XS,AL,36134,5d88b031fc13ae03700003c4
966,Cornie,Blinckhorne,F,69,cblinckhorneqt@mayoclinic.com,3XL,TX,75507,5d88b031fc13ae03700003c5
967,Weylin,Gilstin,M,41,wgilstinqu@phoca.cz,XL,IL,61656,5d88b031fc13ae03700003c6
968,Mellisa,Kiezler,F,99,mkiezlerqv@hao123.com,S,IL,62705,5d88b031fc13ae03700003c7
969,Shandie,Megarrell,F,33,smegarrellqw@rediff.com,3XL,AL,36205,5d88b031fc13ae03700003c8
970,Fraser,Lakenton,M,95,flakentonqx@sina.com.cn,XL,GA,30380,5d88b031fc13ae03700003c9
971,Grace,McKeveney,F,30,gmckeveneyqy@ebay.com,2XL,MD,20719,5d88b031fc13ae03700003ca
972,Jake,Beggi,M,18,jbeggiqz@virginia.edu,2XL,AL,36114,5d88b031fc13ae03700003cb
973,Silvana,Ianniello,F,64,sianniellor0@bing.com,XL,MO,64054,5d88b031fc13ae03700003cc
974,Adriena,Overall,F,36,aoverallr1@google.com.br,L,MN,55188,5d88b031fc13ae03700003cd
975,Tades,Saiger,M,18,tsaigerr2@360.cn,XS,OH,44197,5d88b031fc13ae03700003ce
976,Wyn,Costard,M,45,wcostardr3@lycos.com,3XL,DC,20078,5d88b031fc13ae03700003cf
977,Stacee,Yon,F,67,syonr4@marketwatch.com,2XL,PA,15286,5d88b031fc13ae03700003d0
978,Wolfie,Dunford,M,51,wdunfordr5@howstuffworks.com,XS,PA,19605,5d88b031fc13ae03700003d1
979,Dora,Headingham,F,92,dheadinghamr6@networkadvertising.org,M,IA,50320,5d88b031fc13ae03700003d2
980,Shae,Culbard,F,92,sculbardr7@mashable.com,XS,TX,77025,5d88b031fc13ae03700003d3
981,Tamar,Oakly,F,86,toaklyr8@altervista.org,S,TX,77090,5d88b031fc13ae03700003d4
982,Natalina,Chatters,F,85,nchattersr9@ustream.tv,M,CA,90505,5d88b031fc13ae03700003d5
983,Kelby,Gwilym,M,93,kgwilymra@list-manage.com,XL,CA,94237,5d88b031fc13ae03700003d6
984,Batholomew,Stores,M,74,bstoresrb@bluehost.com,2XL,AZ,85062,5d88b031fc13ae03700003d7
985,Cory,Luxton,M,90,cluxtonrc@kickstarter.com,M,VA,24048,5d88b031fc13ae03700003d8
986,Owen,Bartoleyn,M,39,obartoleynrd@ed.gov,2XL,FL,32092,5d88b031fc13ae03700003d9
987,Nerita,Nevitt,F,64,nnevittre@twitter.com,2XL,SC,29208,5d88b031fc13ae03700003da
988,Kenn,Bentz,M,56,kbentzrf@histats.com,XL,OK,73173,5d88b031fc13ae03700003db
989,Amble,Antram,M,47,aantramrg@mayoclinic.com,3XL,DC,20392,5d88b031fc13ae03700003dc
990,Haven,Kiggel,M,39,hkiggelrh@dagondesign.com,M,OH,43666,5d88b031fc13ae03700003dd
991,Felipe,Maris,M,47,fmarisri@i2i.jp,3XL,OH,45807,5d88b031fc13ae03700003de
992,Deedee,Grimsdike,F,30,dgrimsdikerj@cpanel.net,M,TX,78235,5d88b031fc13ae03700003df
993,Genevra,Chipperfield,F,84,gchipperfieldrk@skyrock.com,M,MN,55402,5d88b031fc13ae03700003e0
994,Avrom,Scarrisbrick,M,18,ascarrisbrickrl@ameblo.jp,S,IL,60686,5d88b031fc13ae03700003e1
995,Casie,Raithmill,F,62,craithmillrm@nbcnews.com,M,FL,33710,5d88b031fc13ae03700003e2
996,Pavia,Avraham,F,18,pavrahamrn@vistaprint.com,XS,NC,27157,5d88b031fc13ae03700003e3
997,Warden,Risbridger,M,17,wrisbridgerro@about.me,3XL,CO,80044,5d88b031fc13ae03700003e4
998,Cortney,Conford,F,91,cconfordrp@sphinn.com,M,CA,90310,5d88b031fc13ae03700003e5
999,Elke,Golightly,F,79,egolightlyrq@friendfeed.com,3XL,NY,11407,5d88b031fc13ae03700003e6
1000,Lidia,Holt,F,22,lholtrr@blog.com,XS,KY,40233,5d88b031fc13ae03700003e7
